route_id,rep,latency_us
lutar.v1,0,473.137
lutar.v1,1,442.424
lutar.v1,2,532.914
lutar.v1,3,454.306
lutar.v1,4,467.876
lutar.v1,5,432.525
lutar.v1,6,441.216
lutar.v1,7,421.323
lutar.v1,8,448.117
lutar.v1,9,408.603
lutar.v1,10,461.713
lutar.v1,11,447.396
lutar.v1,12,457.427
lutar.v1,13,396.956
lutar.v1,14,402.341
lutar.v1,15,399.905
lutar.v1,16,395.844
lutar.v1,17,423.481
lutar.v1,18,390.054
lutar.v1,19,419.433
lutar.v1,20,509.043
lutar.v1,21,425.342
lutar.v1,22,396.229
lutar.v1,23,415.472
lutar.v1,24,375.755
lutar.v1,25,370.623
lutar.v1,26,411.723
lutar.v1,27,381.105
lutar.v1,28,429.091
lutar.v1,29,414.349
lutar.v1,30,433.865
lutar.v1,31,380.275
lutar.v1,32,376.486
lutar.v1,33,430.036
lutar.v1,34,412.188
lutar.v1,35,407.289
lutar.v1,36,372.442
lutar.v1,37,407.867
lutar.v1,38,401.892
lutar.v1,39,387.248
lutar.v1,40,426.587
lutar.v1,41,392.511
lutar.v1,42,398.543
lutar.v1,43,373.204
lutar.v1,44,427.492
lutar.v1,45,400.071
lutar.v1,46,438.666
lutar.v1,47,801.76
lutar.v1,48,562.651
lutar.v1,49,516.656
lutar.v1,50,498.641
lutar.v1,51,500.664
lutar.v1,52,454.958
lutar.v1,53,472.846
lutar.v1,54,639.629
lutar.v1,55,545.221
lutar.v1,56,470.296
lutar.v1,57,516.816
lutar.v1,58,468.0
lutar.v1,59,447.29
lutar.v1,60,437.972
lutar.v1,61,554.923
lutar.v1,62,475.793
lutar.v1,63,424.253
lutar.v1,64,421.733
lutar.v1,65,428.82
lutar.v1,66,408.391
lutar.v1,67,443.236
lutar.v1,68,412.037
lutar.v1,69,487.859
lutar.v1,70,416.992
lutar.v1,71,440.378
lutar.v1,72,400.201
lutar.v1,73,538.303
lutar.v1,74,593.205
lutar.v1,75,553.37
lutar.v1,76,504.668
lutar.v1,77,621.342
lutar.v1,78,579.178
lutar.v1,79,499.228
lutar.v1,80,516.346
lutar.v1,81,472.404
lutar.v1,82,507.208
lutar.v1,83,458.738
lutar.v1,84,478.352
lutar.v1,85,499.093
lutar.v1,86,424.199
lutar.v1,87,467.92
lutar.v1,88,415.81
lutar.v1,89,419.883
lutar.v1,90,448.569
lutar.v1,91,413.738
lutar.v1,92,465.292
lutar.v1,93,427.816
lutar.v1,94,430.099
lutar.v1,95,410.68
lutar.v1,96,443.551
lutar.v1,97,404.1
lutar.v1,98,420.258
lutar.v1,99,401.065
lutar.v1,100,393.491
lutar.v1,101,513.065
lutar.v1,102,404.588
lutar.v1,103,430.722
lutar.v1,104,406.496
lutar.v1,105,408.842
lutar.v1,106,391.261
lutar.v1,107,423.54
lutar.v1,108,393.546
lutar.v1,109,385.978
lutar.v1,110,432.692
lutar.v1,111,389.223
lutar.v1,112,404.653
lutar.v1,113,387.133
lutar.v1,114,418.036
lutar.v1,115,384.427
lutar.v1,116,409.65
lutar.v1,117,393.017
lutar.v1,118,393.138
lutar.v1,119,601.315
lutar.v1,120,639.09
lutar.v1,121,505.098
lutar.v1,122,488.941
lutar.v1,123,452.398
lutar.v1,124,451.185
lutar.v1,125,414.443
lutar.v1,126,455.057
lutar.v1,127,493.518
lutar.v1,128,437.986
lutar.v1,129,397.427
lutar.v1,130,437.554
lutar.v1,131,408.344
lutar.v1,132,410.347
lutar.v1,133,464.788
lutar.v1,134,896.901
lutar.v1,135,561.029
lutar.v1,136,458.198
lutar.v1,137,461.989
lutar.v1,138,426.575
lutar.v1,139,436.775
lutar.v1,140,436.124
lutar.v1,141,523.915
lutar.v1,142,505.05
lutar.v1,143,465.818
lutar.v1,144,444.561
lutar.v1,145,481.617
lutar.v1,146,449.505
lutar.v1,147,462.894
lutar.v1,148,416.613
lutar.v1,149,436.678
lutar.v1,150,475.303
lutar.v1,151,452.442
lutar.v1,152,426.848
lutar.v1,153,427.055
lutar.v1,154,440.996
lutar.v1,155,414.232
lutar.v1,156,411.29
lutar.v1,157,404.176
lutar.v1,158,487.743
lutar.v1,159,458.484
lutar.v1,160,462.962
lutar.v1,161,498.016
lutar.v1,162,453.713
lutar.v1,163,434.49
lutar.v1,164,442.75
lutar.v1,165,434.755
lutar.v1,166,595.785
lutar.v1,167,641.077
lutar.v1,168,537.499
lutar.v1,169,532.04
lutar.v1,170,451.004
lutar.v1,171,501.462
lutar.v1,172,432.415
lutar.v1,173,541.898
lutar.v1,174,470.25
lutar.v1,175,422.716
lutar.v1,176,401.236
lutar.v1,177,472.512
lutar.v1,178,399.902
lutar.v1,179,425.594
lutar.v1,180,401.245
lutar.v1,181,444.987
lutar.v1,182,453.845
lutar.v1,183,399.808
lutar.v1,184,426.224
lutar.v1,185,400.493
lutar.v1,186,426.739
lutar.v1,187,386.637
lutar.v1,188,439.528
lutar.v1,189,380.916
lutar.v1,190,410.194
lutar.v1,191,429.043
lutar.v1,192,413.308
lutar.v1,193,422.009
lutar.v1,194,402.568
lutar.v1,195,406.065
lutar.v1,196,379.638
lutar.v1,197,399.874
lutar.v1,198,385.744
lutar.v1,199,388.398
lutar.v1,200,459.088
lutar.v1,201,402.134
lutar.v1,202,421.686
lutar.v1,203,398.78
lutar.v1,204,439.921
lutar.v1,205,379.436
lutar.v1,206,408.436
lutar.v1,207,373.621
lutar.v1,208,397.739
lutar.v1,209,449.318
lutar.v1,210,392.231
lutar.v1,211,404.809
lutar.v1,212,375.143
lutar.v1,213,411.756
lutar.v1,214,373.133
lutar.v1,215,379.32
lutar.v1,216,418.015
lutar.v1,217,387.591
lutar.v1,218,412.699
lutar.v1,219,436.495
lutar.v1,220,444.085
lutar.v1,221,800.876
lutar.v1,222,535.467
lutar.v1,223,521.556
lutar.v1,224,490.86
lutar.v1,225,516.561
lutar.v1,226,434.347
lutar.v1,227,421.314
lutar.v1,228,412.632
lutar.v1,229,441.546
lutar.v1,230,415.832
lutar.v1,231,440.754
lutar.v1,232,405.272
lutar.v1,233,443.533
lutar.v1,234,589.308
lutar.v1,235,465.864
lutar.v1,236,406.937
lutar.v1,237,428.623
lutar.v1,238,394.85
lutar.v1,239,600.186
lutar.v1,240,474.894
lutar.v1,241,480.388
lutar.v1,242,455.901
lutar.v1,243,466.557
lutar.v1,244,444.049
lutar.v1,245,437.346
lutar.v1,246,392.854
lutar.v1,247,397.594
lutar.v1,248,414.84
lutar.v1,249,422.145
lutar.v1,250,504.71
lutar.v1,251,403.524
lutar.v1,252,411.88
lutar.v1,253,386.305
lutar.v1,254,421.49
lutar.v1,255,390.334
lutar.v1,256,380.273
lutar.v1,257,407.024
lutar.v1,258,377.015
lutar.v1,259,410.154
lutar.v1,260,643.024
lutar.v1,261,520.73
lutar.v1,262,476.836
lutar.v1,263,424.65
lutar.v1,264,464.848
lutar.v1,265,403.444
lutar.v1,266,400.022
lutar.v1,267,451.192
lutar.v1,268,416.705
lutar.v1,269,431.188
lutar.v1,270,396.996
lutar.v1,271,403.139
lutar.v1,272,398.949
lutar.v1,273,424.284
lutar.v1,274,400.77
lutar.v1,275,423.632
lutar.v1,276,660.435
lutar.v1,277,558.288
lutar.v1,278,475.614
lutar.v1,279,499.371
lutar.v1,280,465.204
lutar.v1,281,442.461
lutar.v1,282,406.2
lutar.v1,283,732.874
lutar.v1,284,557.502
lutar.v1,285,429.049
lutar.v1,286,454.264
lutar.v1,287,490.655
lutar.v1,288,608.885
lutar.v1,289,450.842
lutar.v1,290,674.473
lutar.v1,291,602.723
lutar.v1,292,529.32
lutar.v1,293,534.076
lutar.v1,294,496.894
lutar.v1,295,493.335
lutar.v1,296,446.227
lutar.v1,297,533.37
lutar.v1,298,453.599
lutar.v1,299,482.261
lutar.v1,300,421.348
lutar.v1,301,447.511
lutar.v1,302,410.708
lutar.v1,303,432.195
lutar.v1,304,404.23
lutar.v1,305,448.566
lutar.v1,306,431.75
lutar.v1,307,476.505
lutar.v1,308,705.898
lutar.v1,309,542.699
lutar.v1,310,499.074
lutar.v1,311,473.818
lutar.v1,312,453.137
lutar.v1,313,445.861
lutar.v1,314,419.312
lutar.v1,315,458.13
lutar.v1,316,426.308
lutar.v1,317,448.106
lutar.v1,318,412.362
lutar.v1,319,436.389
lutar.v1,320,404.922
lutar.v1,321,486.988
lutar.v1,322,413.689
lutar.v1,323,515.615
lutar.v1,324,450.888
lutar.v1,325,454.156
lutar.v1,326,406.022
lutar.v1,327,434.602
lutar.v1,328,414.673
lutar.v1,329,439.829
lutar.v1,330,623.859
lutar.v1,331,564.497
lutar.v1,332,465.685
lutar.v1,333,486.398
lutar.v1,334,421.801
lutar.v1,335,418.532
lutar.v1,336,399.448
lutar.v1,337,440.025
lutar.v1,338,620.834
lutar.v1,339,564.577
lutar.v1,340,492.276
lutar.v1,341,490.427
lutar.v1,342,487.268
lutar.v1,343,429.363
lutar.v1,344,421.947
lutar.v1,345,467.588
lutar.v1,346,425.495
lutar.v1,347,419.057
lutar.v1,348,423.458
lutar.v1,349,458.782
lutar.v1,350,411.693
lutar.v1,351,494.278
lutar.v1,352,442.093
lutar.v1,353,462.689
lutar.v1,354,406.804
lutar.v1,355,432.263
lutar.v1,356,412.087
lutar.v1,357,446.69
lutar.v1,358,407.457
lutar.v1,359,433.455
lutar.v1,360,392.314
lutar.v1,361,399.278
lutar.v1,362,470.445
lutar.v1,363,491.726
lutar.v1,364,453.161
lutar.v1,365,410.869
lutar.v1,366,422.538
lutar.v1,367,398.456
lutar.v1,368,504.455
lutar.v1,369,511.705
lutar.v1,370,496.47
lutar.v1,371,428.347
lutar.v1,372,510.845
lutar.v1,373,418.473
lutar.v1,374,540.408
lutar.v1,375,451.601
lutar.v1,376,472.771
lutar.v1,377,432.968
lutar.v1,378,611.913
lutar.v1,379,677.168
lutar.v1,380,540.204
lutar.v1,381,475.758
lutar.v1,382,460.402
lutar.v1,383,456.594
lutar.v1,384,458.042
lutar.v1,385,595.221
lutar.v1,386,622.771
lutar.v1,387,529.582
lutar.v1,388,508.704
lutar.v1,389,449.394
lutar.v1,390,635.745
lutar.v1,391,514.308
lutar.v1,392,555.539
lutar.v1,393,530.281
lutar.v1,394,481.199
lutar.v1,395,893.964
lutar.v1,396,598.334
lutar.v1,397,497.558
lutar.v1,398,625.87
lutar.v1,399,477.238
lutar.v1,400,483.279
lutar.v1,401,452.985
lutar.v1,402,478.204
lutar.v1,403,444.695
lutar.v1,404,449.155
lutar.v1,405,417.225
lutar.v1,406,549.96
lutar.v1,407,437.874
lutar.v1,408,453.944
lutar.v1,409,410.026
lutar.v1,410,435.024
lutar.v1,411,419.193
lutar.v1,412,462.519
lutar.v1,413,415.886
lutar.v1,414,437.858
lutar.v1,415,439.869
lutar.v1,416,466.367
lutar.v1,417,418.231
lutar.v1,418,435.182
lutar.v1,419,411.753
lutar.v1,420,402.077
lutar.v1,421,422.984
lutar.v1,422,401.833
lutar.v1,423,514.311
lutar.v1,424,406.838
lutar.v1,425,422.084
lutar.v1,426,410.985
lutar.v1,427,423.61
lutar.v1,428,395.74
lutar.v1,429,422.12
lutar.v1,430,379.088
lutar.v1,431,390.138
lutar.v1,432,467.335
lutar.v1,433,397.906
lutar.v1,434,402.052
lutar.v1,435,384.259
lutar.v1,436,402.969
lutar.v1,437,492.222
lutar.v1,438,431.447
lutar.v1,439,431.498
lutar.v1,440,446.464
lutar.v1,441,593.191
lutar.v1,442,679.448
lutar.v1,443,524.43
lutar.v1,444,506.405
lutar.v1,445,641.089
lutar.v1,446,503.176
lutar.v1,447,640.962
lutar.v1,448,583.02
lutar.v1,449,567.51
lutar.v1,450,627.403
lutar.v1,451,484.272
lutar.v1,452,464.165
lutar.v1,453,464.409
lutar.v1,454,529.167
lutar.v1,455,464.289
lutar.v1,456,482.535
lutar.v1,457,414.748
lutar.v1,458,414.148
lutar.v1,459,403.533
lutar.v1,460,443.651
lutar.v1,461,424.793
lutar.v1,462,432.921
lutar.v1,463,482.099
lutar.v1,464,436.628
lutar.v1,465,408.753
lutar.v1,466,388.912
lutar.v1,467,391.288
lutar.v1,468,392.187
lutar.v1,469,399.496
lutar.v1,470,418.709
lutar.v1,471,420.834
lutar.v1,472,422.447
lutar.v1,473,416.4
lutar.v1,474,416.618
lutar.v1,475,386.005
lutar.v1,476,403.453
lutar.v1,477,415.49
lutar.v1,478,421.46
lutar.v1,479,383.791
lutar.v1,480,414.393
lutar.v1,481,428.697
lutar.v1,482,823.8
lutar.v1,483,544.367
lutar.v1,484,450.21
lutar.v1,485,425.875
lutar.v1,486,446.157
lutar.v1,487,436.786
lutar.v1,488,499.444
lutar.v1,489,476.714
lutar.v1,490,421.376
lutar.v1,491,441.394
lutar.v1,492,412.169
lutar.v1,493,413.422
lutar.v1,494,439.812
lutar.v1,495,410.62
lutar.v1,496,496.369
lutar.v1,497,422.121
lutar.v1,498,449.839
lutar.v1,499,413.112
lutar.v1,500,424.974
lutar.v1,501,389.659
lutar.v1,502,416.088
lutar.v1,503,389.31
lutar.v1,504,391.316
lutar.v1,505,457.604
lutar.v1,506,397.316
lutar.v1,507,422.55
lutar.v1,508,393.014
lutar.v1,509,412.434
lutar.v1,510,390.137
lutar.v1,511,384.393
lutar.v1,512,403.879
lutar.v1,513,374.924
lutar.v1,514,433.279
lutar.v1,515,402.873
lutar.v1,516,412.511
lutar.v1,517,372.745
lutar.v1,518,405.566
lutar.v1,519,377.237
lutar.v1,520,386.194
lutar.v1,521,400.427
lutar.v1,522,376.876
lutar.v1,523,409.773
lutar.v1,524,487.61
lutar.v1,525,408.095
lutar.v1,526,370.612
lutar.v1,527,372.497
lutar.v1,528,410.441
lutar.v1,529,377.759
lutar.v1,530,410.698
lutar.v1,531,376.614
lutar.v1,532,406.532
lutar.v1,533,435.073
lutar.v1,534,386.453
lutar.v1,535,433.009
lutar.v1,536,387.473
lutar.v1,537,401.132
lutar.v1,538,385.586
lutar.v1,539,413.103
lutar.v1,540,372.579
lutar.v1,541,384.756
lutar.v1,542,583.85
lutar.v1,543,660.946
lutar.v1,544,484.496
lutar.v1,545,469.699
lutar.v1,546,420.269
lutar.v1,547,438.608
lutar.v1,548,413.377
lutar.v1,549,463.06
lutar.v1,550,476.798
lutar.v1,551,435.821
lutar.v1,552,562.763
lutar.v1,553,664.66
lutar.v1,554,603.937
lutar.v1,555,544.681
lutar.v1,556,649.22
lutar.v1,557,544.837
lutar.v1,558,523.93
lutar.v1,559,562.553
lutar.v1,560,519.588
lutar.v1,561,567.042
lutar.v1,562,529.498
lutar.v1,563,677.638
lutar.v1,564,560.22
lutar.v1,565,454.432
lutar.v1,566,482.269
lutar.v1,567,431.448
lutar.v1,568,474.309
lutar.v1,569,838.192
lutar.v1,570,559.8
lutar.v1,571,580.027
lutar.v1,572,485.922
lutar.v1,573,510.762
lutar.v1,574,462.833
lutar.v1,575,475.5
lutar.v1,576,449.467
lutar.v1,577,580.238
lutar.v1,578,557.447
lutar.v1,579,584.955
lutar.v1,580,528.337
lutar.v1,581,485.276
lutar.v1,582,505.845
lutar.v1,583,453.883
lutar.v1,584,498.787
lutar.v1,585,454.55
lutar.v1,586,473.578
lutar.v1,587,420.04
lutar.v1,588,457.197
lutar.v1,589,421.632
lutar.v1,590,412.204
lutar.v1,591,418.39
lutar.v1,592,465.357
lutar.v1,593,416.076
lutar.v1,594,434.362
lutar.v1,595,408.779
lutar.v1,596,483.074
lutar.v1,597,527.352
lutar.v1,598,463.901
lutar.v1,599,415.732
lutar.v1,600,443.744
lutar.v1,601,411.945
lutar.v1,602,451.703
lutar.v1,603,418.436
lutar.v1,604,438.238
lutar.v1,605,399.185
lutar.v1,606,420.63
lutar.v1,607,391.716
lutar.v1,608,414.909
lutar.v1,609,536.104
lutar.v1,610,398.664
lutar.v1,611,421.042
lutar.v1,612,400.829
lutar.v1,613,418.839
lutar.v1,614,397.048
lutar.v1,615,439.485
lutar.v1,616,405.029
lutar.v1,617,426.69
lutar.v1,618,444.032
lutar.v1,619,416.83
lutar.v1,620,394.169
lutar.v1,621,401.834
lutar.v1,622,408.232
lutar.v1,623,389.201
lutar.v1,624,412.279
lutar.v1,625,368.334
lutar.v1,626,384.352
lutar.v1,627,457.673
lutar.v1,628,386.586
lutar.v1,629,407.852
lutar.v1,630,374.927
lutar.v1,631,417.556
lutar.v1,632,371.439
lutar.v1,633,375.383
lutar.v1,634,395.132
lutar.v1,635,390.964
lutar.v1,636,466.541
lutar.v1,637,380.205
lutar.v1,638,411.605
lutar.v1,639,376.366
lutar.v1,640,396.115
lutar.v1,641,375.658
lutar.v1,642,382.394
lutar.v1,643,404.099
lutar.v1,644,378.539
lutar.v1,645,403.03
lutar.v1,646,578.708
lutar.v1,647,440.334
lutar.v1,648,397.233
lutar.v1,649,446.266
lutar.v1,650,394.558
lutar.v1,651,393.224
lutar.v1,652,400.7
lutar.v1,653,391.111
lutar.v1,654,430.329
lutar.v1,655,387.948
lutar.v1,656,833.273
lutar.v1,657,537.203
lutar.v1,658,530.057
lutar.v1,659,567.737
lutar.v1,660,443.266
lutar.v1,661,496.439
lutar.v1,662,444.079
lutar.v1,663,465.184
lutar.v1,664,433.549
lutar.v1,665,427.168
lutar.v1,666,410.783
lutar.v1,667,453.664
lutar.v1,668,422.75
lutar.v1,669,445.218
lutar.v1,670,451.103
lutar.v1,671,421.366
lutar.v1,672,396.603
lutar.v1,673,400.474
lutar.v1,674,423.11
lutar.v1,675,404.319
lutar.v1,676,426.926
lutar.v1,677,383.76
lutar.v1,678,420.486
lutar.v1,679,437.361
lutar.v1,680,408.855
lutar.v1,681,382.731
lutar.v1,682,391.721
lutar.v1,683,420.044
lutar.v1,684,386.432
lutar.v1,685,417.893
lutar.v1,686,380.304
lutar.v1,687,405.374
lutar.v1,688,516.459
lutar.v1,689,429.133
lutar.v1,690,377.513
lutar.v1,691,385.459
lutar.v1,692,418.974
lutar.v1,693,377.484
lutar.v1,694,415.217
lutar.v1,695,382.382
lutar.v1,696,402.343
lutar.v1,697,424.31
lutar.v1,698,419.17
lutar.v1,699,407.136
lutar.v1,700,374.148
lutar.v1,701,455.584
lutar.v1,702,379.442
lutar.v1,703,405.756
lutar.v1,704,381.199
lutar.v1,705,380.315
lutar.v1,706,593.511
lutar.v1,707,640.76
lutar.v1,708,490.57
lutar.v1,709,468.633
lutar.v1,710,415.392
lutar.v1,711,442.396
lutar.v1,712,400.707
lutar.v1,713,439.4
lutar.v1,714,458.211
lutar.v1,715,439.34
lutar.v1,716,402.66
lutar.v1,717,406.893
lutar.v1,718,397.893
lutar.v1,719,395.135
lutar.v1,720,418.303
lutar.v1,721,394.878
lutar.v1,722,421.959
lutar.v1,723,461.242
lutar.v1,724,400.895
lutar.v1,725,376.594
lutar.v1,726,386.964
lutar.v1,727,420.029
lutar.v1,728,391.625
lutar.v1,729,417.775
lutar.v1,730,384.433
lutar.v1,731,411.188
lutar.v1,732,462.537
lutar.v1,733,381.538
lutar.v1,734,408.601
lutar.v1,735,395.077
lutar.v1,736,416.327
lutar.v1,737,379.752
lutar.v1,738,413.425
lutar.v1,739,381.081
lutar.v1,740,416.557
lutar.v1,741,595.019
lutar.v1,742,824.135
lutar.v1,743,559.796
lutar.v1,744,465.469
lutar.v1,745,464.429
lutar.v1,746,425.757
lutar.v1,747,431.803
lutar.v1,748,449.599
lutar.v1,749,473.102
lutar.v1,750,429.726
lutar.v1,751,459.523
lutar.v1,752,534.801
lutar.v1,753,472.401
lutar.v1,754,428.376
lutar.v1,755,453.563
lutar.v1,756,465.245
lutar.v1,757,447.977
lutar.v1,758,417.4
lutar.v1,759,414.24
lutar.v1,760,430.462
lutar.v1,761,405.766
lutar.v1,762,450.879
lutar.v1,763,399.371
lutar.v1,764,448.08
lutar.v1,765,439.554
lutar.v1,766,422.449
lutar.v1,767,401.28
lutar.v1,768,378.241
lutar.v1,769,404.045
lutar.v1,770,387.837
lutar.v1,771,396.747
lutar.v1,772,376.564
lutar.v1,773,416.662
lutar.v1,774,423.813
lutar.v1,775,414.609
lutar.v1,776,393.04
lutar.v1,777,451.709
lutar.v1,778,448.41
lutar.v1,779,394.972
lutar.v1,780,459.496
lutar.v1,781,412.642
lutar.v1,782,436.435
lutar.v1,783,647.03
lutar.v1,784,534.282
lutar.v1,785,502.85
lutar.v1,786,442.85
lutar.v1,787,457.643
lutar.v1,788,405.326
lutar.v1,789,440.188
lutar.v1,790,499.358
lutar.v1,791,694.387
lutar.v1,792,530.583
lutar.v1,793,491.09
lutar.v1,794,433.298
lutar.v1,795,442.294
lutar.v1,796,408.43
lutar.v1,797,495.016
lutar.v1,798,419.915
lutar.v1,799,481.688
lutar.v1,800,407.698
lutar.v1,801,445.857
lutar.v1,802,396.687
lutar.v1,803,429.435
lutar.v1,804,402.685
lutar.v1,805,438.41
lutar.v1,806,440.081
lutar.v1,807,391.039
lutar.v1,808,452.027
lutar.v1,809,403.05
lutar.v1,810,422.725
lutar.v1,811,394.958
lutar.v1,812,437.168
lutar.v1,813,395.183
lutar.v1,814,408.946
lutar.v1,815,427.402
lutar.v1,816,403.101
lutar.v1,817,431.944
lutar.v1,818,382.771
lutar.v1,819,408.875
lutar.v1,820,384.718
lutar.v1,821,447.616
lutar.v1,822,413.113
lutar.v1,823,430.585
lutar.v1,824,432.823
lutar.v1,825,385.745
lutar.v1,826,414.81
lutar.v1,827,383.908
lutar.v1,828,424.824
lutar.v1,829,825.501
lutar.v1,830,505.033
lutar.v1,831,490.347
lutar.v1,832,488.476
lutar.v1,833,465.097
lutar.v1,834,412.971
lutar.v1,835,446.186
lutar.v1,836,419.912
lutar.v1,837,533.507
lutar.v1,838,497.341
lutar.v1,839,618.174
lutar.v1,840,534.822
lutar.v1,841,520.439
lutar.v1,842,550.412
lutar.v1,843,503.617
lutar.v1,844,544.455
lutar.v1,845,519.152
lutar.v1,846,609.362
lutar.v1,847,545.717
lutar.v1,848,508.711
lutar.v1,849,582.579
lutar.v1,850,516.051
lutar.v1,851,529.651
lutar.v1,852,538.271
lutar.v1,853,654.855
lutar.v1,854,551.819
lutar.v1,855,515.522
lutar.v1,856,528.164
lutar.v1,857,528.755
lutar.v1,858,513.697
lutar.v1,859,525.08
lutar.v1,860,559.173
lutar.v1,861,542.386
lutar.v1,862,518.083
lutar.v1,863,538.597
lutar.v1,864,535.847
lutar.v1,865,495.085
lutar.v1,866,537.052
lutar.v1,867,720.356
lutar.v1,868,599.149
lutar.v1,869,593.742
lutar.v1,870,577.995
lutar.v1,871,554.501
lutar.v1,872,745.139
lutar.v1,873,700.318
lutar.v1,874,635.19
lutar.v1,875,649.454
lutar.v1,876,629.398
lutar.v1,877,581.306
lutar.v1,878,621.167
lutar.v1,879,591.813
lutar.v1,880,528.613
lutar.v1,881,557.926
lutar.v1,882,533.95
lutar.v1,883,571.752
lutar.v1,884,615.44
lutar.v1,885,533.404
lutar.v1,886,540.63
lutar.v1,887,553.303
lutar.v1,888,528.534
lutar.v1,889,576.338
lutar.v1,890,531.018
lutar.v1,891,666.528
lutar.v1,892,544.647
lutar.v1,893,557.838
lutar.v1,894,529.407
lutar.v1,895,530.302
lutar.v1,896,550.719
lutar.v1,897,552.063
lutar.v1,898,558.104
lutar.v1,899,534.308
lutar.v1,900,527.384
lutar.v1,901,547.186
lutar.v1,902,562.486
lutar.v1,903,521.076
lutar.v1,904,707.706
lutar.v1,905,683.816
lutar.v1,906,606.056
lutar.v1,907,584.124
lutar.v1,908,598.532
lutar.v1,909,543.682
lutar.v1,910,640.332
lutar.v1,911,548.88
lutar.v1,912,569.054
lutar.v1,913,586.299
lutar.v1,914,535.426
lutar.v1,915,582.065
lutar.v1,916,890.733
lutar.v1,917,561.764
lutar.v1,918,571.974
lutar.v1,919,584.766
lutar.v1,920,550.79
lutar.v1,921,584.276
lutar.v1,922,541.347
lutar.v1,923,626.583
lutar.v1,924,533.55
lutar.v1,925,508.293
lutar.v1,926,550.971
lutar.v1,927,508.304
lutar.v1,928,548.566
lutar.v1,929,520.807
lutar.v1,930,600.429
lutar.v1,931,543.288
lutar.v1,932,503.31
lutar.v1,933,552.384
lutar.v1,934,500.029
lutar.v1,935,543.726
lutar.v1,936,516.79
lutar.v1,937,607.324
lutar.v1,938,529.794
lutar.v1,939,500.479
lutar.v1,940,558.354
lutar.v1,941,506.85
lutar.v1,942,623.729
lutar.v1,943,603.878
lutar.v1,944,593.285
lutar.v1,945,573.013
lutar.v1,946,539.605
lutar.v1,947,632.9
lutar.v1,948,560.772
lutar.v1,949,544.54
lutar.v1,950,615.317
lutar.v1,951,522.607
lutar.v1,952,565.877
lutar.v1,953,678.95
lutar.v1,954,550.024
lutar.v1,955,560.898
lutar.v1,956,558.553
lutar.v1,957,758.695
lutar.v1,958,565.075
lutar.v1,959,562.861
lutar.v1,960,517.617
lutar.v1,961,555.406
lutar.v1,962,502.568
lutar.v1,963,648.17
lutar.v1,964,597.262
lutar.v1,965,525.508
lutar.v1,966,566.599
lutar.v1,967,517.053
lutar.v1,968,561.245
lutar.v1,969,582.845
lutar.v1,970,848.056
lutar.v1,971,572.1
lutar.v1,972,596.745
lutar.v1,973,644.15
lutar.v1,974,566.909
lutar.v1,975,576.8
lutar.v1,976,578.981
lutar.v1,977,579.743
lutar.v1,978,534.627
lutar.v1,979,593.826
lutar.v1,980,610.071
lutar.v1,981,545.1
lutar.v1,982,694.59
lutar.v1,983,579.206
lutar.v1,984,521.548
lutar.v1,985,577.369
lutar.v1,986,571.083
lutar.v1,987,589.198
lutar.v1,988,596.282
lutar.v1,989,653.535
lutar.v1,990,565.654
lutar.v1,991,572.497
lutar.v1,992,525.199
lutar.v1,993,588.812
lutar.v1,994,580.149
lutar.v1,995,759.544
lutar.v1,996,576.679
lutar.v1,997,540.813
lutar.v1,998,559.343
lutar.v1,999,597.165
lutar.v2,0,588.999
lutar.v2,1,601.296
lutar.v2,2,807.232
lutar.v2,3,671.561
lutar.v2,4,608.478
lutar.v2,5,616.716
lutar.v2,6,638.713
lutar.v2,7,590.303
lutar.v2,8,593.519
lutar.v2,9,556.982
lutar.v2,10,693.298
lutar.v2,11,625.322
lutar.v2,12,1551.422
lutar.v2,13,611.951
lutar.v2,14,594.364
lutar.v2,15,550.605
lutar.v2,16,653.452
lutar.v2,17,598.578
lutar.v2,18,546.792
lutar.v2,19,629.574
lutar.v2,20,563.891
lutar.v2,21,594.777
lutar.v2,22,653.337
lutar.v2,23,581.435
lutar.v2,24,584.265
lutar.v2,25,589.62
lutar.v2,26,601.42
lutar.v2,27,619.061
lutar.v2,28,775.21
lutar.v2,29,637.383
lutar.v2,30,588.561
lutar.v2,31,602.529
lutar.v2,32,544.74
lutar.v2,33,582.233
lutar.v2,34,956.079
lutar.v2,35,4067.036
lutar.v2,36,962.867
lutar.v2,37,736.459
lutar.v2,38,648.836
lutar.v2,39,575.653
lutar.v2,40,997.327
lutar.v2,41,618.969
lutar.v2,42,591.408
lutar.v2,43,570.63
lutar.v2,44,608.421
lutar.v2,45,544.213
lutar.v2,46,655.397
lutar.v2,47,589.757
lutar.v2,48,536.737
lutar.v2,49,659.429
lutar.v2,50,589.518
lutar.v2,51,524.934
lutar.v2,52,717.502
lutar.v2,53,608.661
lutar.v2,54,564.645
lutar.v2,55,580.56
lutar.v2,56,577.242
lutar.v2,57,554.584
lutar.v2,58,710.79
lutar.v2,59,524.692
lutar.v2,60,505.729
lutar.v2,61,505.192
lutar.v2,62,444.562
lutar.v2,63,461.332
lutar.v2,64,428.969
lutar.v2,65,456.055
lutar.v2,66,455.769
lutar.v2,67,477.612
lutar.v2,68,417.014
lutar.v2,69,423.02
lutar.v2,70,470.461
lutar.v2,71,424.74
lutar.v2,72,449.645
lutar.v2,73,416.711
lutar.v2,74,454.502
lutar.v2,75,677.182
lutar.v2,76,479.44
lutar.v2,77,458.499
lutar.v2,78,418.152
lutar.v2,79,412.954
lutar.v2,80,443.621
lutar.v2,81,408.796
lutar.v2,82,608.618
lutar.v2,83,648.066
lutar.v2,84,536.785
lutar.v2,85,526.971
lutar.v2,86,459.988
lutar.v2,87,487.192
lutar.v2,88,456.518
lutar.v2,89,528.834
lutar.v2,90,431.806
lutar.v2,91,657.248
lutar.v2,92,506.542
lutar.v2,93,460.09
lutar.v2,94,494.059
lutar.v2,95,437.842
lutar.v2,96,452.698
lutar.v2,97,443.274
lutar.v2,98,440.423
lutar.v2,99,434.073
lutar.v2,100,402.448
lutar.v2,101,406.933
lutar.v2,102,407.893
lutar.v2,103,429.168
lutar.v2,104,403.137
lutar.v2,105,445.16
lutar.v2,106,420.134
lutar.v2,107,441.704
lutar.v2,108,396.083
lutar.v2,109,421.467
lutar.v2,110,383.18
lutar.v2,111,378.446
lutar.v2,112,432.471
lutar.v2,113,397.444
lutar.v2,114,453.184
lutar.v2,115,396.558
lutar.v2,116,422.478
lutar.v2,117,389.316
lutar.v2,118,862.32
lutar.v2,119,557.434
lutar.v2,120,464.823
lutar.v2,121,472.617
lutar.v2,122,671.622
lutar.v2,123,539.107
lutar.v2,124,476.094
lutar.v2,125,458.543
lutar.v2,126,427.963
lutar.v2,127,480.881
lutar.v2,128,427.986
lutar.v2,129,571.112
lutar.v2,130,468.043
lutar.v2,131,429.609
lutar.v2,132,423.76
lutar.v2,133,442.594
lutar.v2,134,419.052
lutar.v2,135,437.472
lutar.v2,136,409.013
lutar.v2,137,602.462
lutar.v2,138,480.516
lutar.v2,139,428.689
lutar.v2,140,415.081
lutar.v2,141,437.766
lutar.v2,142,421.958
lutar.v2,143,423.544
lutar.v2,144,443.884
lutar.v2,145,504.945
lutar.v2,146,455.12
lutar.v2,147,547.576
lutar.v2,148,467.412
lutar.v2,149,461.274
lutar.v2,150,426.632
lutar.v2,151,419.139
lutar.v2,152,404.97
lutar.v2,153,449.287
lutar.v2,154,536.238
lutar.v2,155,451.561
lutar.v2,156,413.447
lutar.v2,157,432.684
lutar.v2,158,417.907
lutar.v2,159,431.56
lutar.v2,160,390.157
lutar.v2,161,370.519
lutar.v2,162,471.05
lutar.v2,163,406.474
lutar.v2,164,418.656
lutar.v2,165,393.196
lutar.v2,166,430.913
lutar.v2,167,384.664
lutar.v2,168,403.163
lutar.v2,169,389.773
lutar.v2,170,380.565
lutar.v2,171,469.664
lutar.v2,172,400.822
lutar.v2,173,413.338
lutar.v2,174,376.078
lutar.v2,175,413.257
lutar.v2,176,393.968
lutar.v2,177,376.425
lutar.v2,178,436.249
lutar.v2,179,399.056
lutar.v2,180,561.75
lutar.v2,181,396.469
lutar.v2,182,416.336
lutar.v2,183,390.665
lutar.v2,184,424.708
lutar.v2,185,376.674
lutar.v2,186,402.5
lutar.v2,187,395.387
lutar.v2,188,398.406
lutar.v2,189,460.124
lutar.v2,190,410.53
lutar.v2,191,411.179
lutar.v2,192,372.961
lutar.v2,193,402.035
lutar.v2,194,380.841
lutar.v2,195,383.41
lutar.v2,196,423.119
lutar.v2,197,410.106
lutar.v2,198,504.323
lutar.v2,199,688.924
lutar.v2,200,504.993
lutar.v2,201,502.911
lutar.v2,202,729.49
lutar.v2,203,537.668
lutar.v2,204,486.923
lutar.v2,205,488.447
lutar.v2,206,469.967
lutar.v2,207,433.968
lutar.v2,208,485.053
lutar.v2,209,419.209
lutar.v2,210,429.17
lutar.v2,211,413.8
lutar.v2,212,401.004
lutar.v2,213,519.366
lutar.v2,214,451.414
lutar.v2,215,428.83
lutar.v2,216,408.962
lutar.v2,217,440.488
lutar.v2,218,412.646
lutar.v2,219,417.255
lutar.v2,220,412.939
lutar.v2,221,466.295
lutar.v2,222,406.473
lutar.v2,223,453.225
lutar.v2,224,393.262
lutar.v2,225,417.784
lutar.v2,226,399.314
lutar.v2,227,441.027
lutar.v2,228,446.496
lutar.v2,229,411.964
lutar.v2,230,467.016
lutar.v2,231,408.651
lutar.v2,232,417.846
lutar.v2,233,387.122
lutar.v2,234,444.411
lutar.v2,235,393.234
lutar.v2,236,416.786
lutar.v2,237,395.116
lutar.v2,238,394.545
lutar.v2,239,482.166
lutar.v2,240,420.826
lutar.v2,241,421.149
lutar.v2,242,388.245
lutar.v2,243,434.541
lutar.v2,244,376.733
lutar.v2,245,398.906
lutar.v2,246,378.65
lutar.v2,247,385.212
lutar.v2,248,455.395
lutar.v2,249,402.561
lutar.v2,250,417.192
lutar.v2,251,381.227
lutar.v2,252,413.162
lutar.v2,253,387.628
lutar.v2,254,658.583
lutar.v2,255,551.287
lutar.v2,256,704.843
lutar.v2,257,518.998
lutar.v2,258,449.353
lutar.v2,259,454.887
lutar.v2,260,416.553
lutar.v2,261,427.024
lutar.v2,262,446.198
lutar.v2,263,415.942
lutar.v2,264,539.463
lutar.v2,265,431.393
lutar.v2,266,403.276
lutar.v2,267,405.506
lutar.v2,268,429.82
lutar.v2,269,398.673
lutar.v2,270,434.284
lutar.v2,271,409.007
lutar.v2,272,430.662
lutar.v2,273,578.994
lutar.v2,274,446.081
lutar.v2,275,401.011
lutar.v2,276,420.161
lutar.v2,277,375.357
lutar.v2,278,378.586
lutar.v2,279,400.066
lutar.v2,280,394.204
lutar.v2,281,441.643
lutar.v2,282,403.656
lutar.v2,283,418.76
lutar.v2,284,375.674
lutar.v2,285,418.053
lutar.v2,286,782.878
lutar.v2,287,563.487
lutar.v2,288,541.655
lutar.v2,289,558.247
lutar.v2,290,462.952
lutar.v2,291,415.839
lutar.v2,292,447.2
lutar.v2,293,412.863
lutar.v2,294,438.791
lutar.v2,295,406.489
lutar.v2,296,400.554
lutar.v2,297,492.74
lutar.v2,298,433.691
lutar.v2,299,477.735
lutar.v2,300,404.408
lutar.v2,301,415.933
lutar.v2,302,406.447
lutar.v2,303,433.812
lutar.v2,304,412.304
lutar.v2,305,440.139
lutar.v2,306,657.832
lutar.v2,307,546.827
lutar.v2,308,451.093
lutar.v2,309,460.573
lutar.v2,310,430.139
lutar.v2,311,440.439
lutar.v2,312,409.084
lutar.v2,313,504.593
lutar.v2,314,424.721
lutar.v2,315,432.779
lutar.v2,316,403.849
lutar.v2,317,438.122
lutar.v2,318,402.767
lutar.v2,319,420.798
lutar.v2,320,405.919
lutar.v2,321,395.077
lutar.v2,322,479.616
lutar.v2,323,429.979
lutar.v2,324,435.845
lutar.v2,325,392.682
lutar.v2,326,425.974
lutar.v2,327,433.65
lutar.v2,328,513.085
lutar.v2,329,444.937
lutar.v2,330,460.637
lutar.v2,331,430.526
lutar.v2,332,445.55
lutar.v2,333,407.055
lutar.v2,334,458.434
lutar.v2,335,411.903
lutar.v2,336,440.644
lutar.v2,337,573.433
lutar.v2,338,712.592
lutar.v2,339,598.714
lutar.v2,340,538.357
lutar.v2,341,708.716
lutar.v2,342,504.05
lutar.v2,343,477.419
lutar.v2,344,578.946
lutar.v2,345,612.268
lutar.v2,346,590.389
lutar.v2,347,524.007
lutar.v2,348,596.389
lutar.v2,349,536.213
lutar.v2,350,480.217
lutar.v2,351,576.439
lutar.v2,352,544.863
lutar.v2,353,616.462
lutar.v2,354,550.06
lutar.v2,355,487.981
lutar.v2,356,487.513
lutar.v2,357,459.067
lutar.v2,358,498.531
lutar.v2,359,449.375
lutar.v2,360,436.841
lutar.v2,361,416.145
lutar.v2,362,450.684
lutar.v2,363,418.313
lutar.v2,364,461.274
lutar.v2,365,421.667
lutar.v2,366,445.532
lutar.v2,367,498.932
lutar.v2,368,427.473
lutar.v2,369,976.643
lutar.v2,370,475.93
lutar.v2,371,445.61
lutar.v2,372,435.163
lutar.v2,373,421.236
lutar.v2,374,555.406
lutar.v2,375,432.362
lutar.v2,376,393.695
lutar.v2,377,386.577
lutar.v2,378,418.947
lutar.v2,379,393.701
lutar.v2,380,421.06
lutar.v2,381,398.897
lutar.v2,382,432.043
lutar.v2,383,565.023
lutar.v2,384,429.981
lutar.v2,385,373.619
lutar.v2,386,396.825
lutar.v2,387,384.185
lutar.v2,388,375.504
lutar.v2,389,406.488
lutar.v2,390,386.557
lutar.v2,391,415.679
lutar.v2,392,428.222
lutar.v2,393,422.378
lutar.v2,394,416.192
lutar.v2,395,383.327
lutar.v2,396,518.055
lutar.v2,397,415.17
lutar.v2,398,394.292
lutar.v2,399,421.698
lutar.v2,400,545.17
lutar.v2,401,431.514
lutar.v2,402,436.479
lutar.v2,403,409.834
lutar.v2,404,433.539
lutar.v2,405,397.548
lutar.v2,406,444.259
lutar.v2,407,409.621
lutar.v2,408,414.605
lutar.v2,409,450.942
lutar.v2,410,377.621
lutar.v2,411,399.025
lutar.v2,412,395.447
lutar.v2,413,400.866
lutar.v2,414,377.893
lutar.v2,415,429.772
lutar.v2,416,375.084
lutar.v2,417,375.623
lutar.v2,418,475.416
lutar.v2,419,389.174
lutar.v2,420,424.446
lutar.v2,421,385.113
lutar.v2,422,418.991
lutar.v2,423,379.53
lutar.v2,424,396.51
lutar.v2,425,399.337
lutar.v2,426,396.756
lutar.v2,427,452.466
lutar.v2,428,388.579
lutar.v2,429,411.673
lutar.v2,430,379.587
lutar.v2,431,397.869
lutar.v2,432,379.371
lutar.v2,433,379.81
lutar.v2,434,492.805
lutar.v2,435,408.359
lutar.v2,436,472.386
lutar.v2,437,388.465
lutar.v2,438,425.893
lutar.v2,439,399.928
lutar.v2,440,414.797
lutar.v2,441,377.111
lutar.v2,442,392.696
lutar.v2,443,406.804
lutar.v2,444,389.654
lutar.v2,445,573.521
lutar.v2,446,639.492
lutar.v2,447,501.503
lutar.v2,448,499.164
lutar.v2,449,425.219
lutar.v2,450,434.244
lutar.v2,451,418.11
lutar.v2,452,791.298
lutar.v2,453,550.177
lutar.v2,454,508.281
lutar.v2,455,463.431
lutar.v2,456,438.81
lutar.v2,457,461.125
lutar.v2,458,416.702
lutar.v2,459,402.897
lutar.v2,460,465.537
lutar.v2,461,404.341
lutar.v2,462,423.942
lutar.v2,463,396.785
lutar.v2,464,425.422
lutar.v2,465,392.991
lutar.v2,466,442.704
lutar.v2,467,416.866
lutar.v2,468,429.476
lutar.v2,469,452.196
lutar.v2,470,390.83
lutar.v2,471,571.447
lutar.v2,472,731.598
lutar.v2,473,604.787
lutar.v2,474,542.121
lutar.v2,475,665.034
lutar.v2,476,633.89
lutar.v2,477,483.091
lutar.v2,478,515.138
lutar.v2,479,444.217
lutar.v2,480,484.139
lutar.v2,481,440.824
lutar.v2,482,463.659
lutar.v2,483,483.339
lutar.v2,484,476.156
lutar.v2,485,415.823
lutar.v2,486,448.681
lutar.v2,487,422.639
lutar.v2,488,422.847
lutar.v2,489,451.618
lutar.v2,490,430.216
lutar.v2,491,596.709
lutar.v2,492,417.845
lutar.v2,493,405.864
lutar.v2,494,401.876
lutar.v2,495,478.394
lutar.v2,496,412.679
lutar.v2,497,431.112
lutar.v2,498,391.044
lutar.v2,499,441.283
lutar.v2,500,450.036
lutar.v2,501,424.341
lutar.v2,502,392.385
lutar.v2,503,397.772
lutar.v2,504,401.525
lutar.v2,505,402.208
lutar.v2,506,421.92
lutar.v2,507,380.274
lutar.v2,508,410.535
lutar.v2,509,452.779
lutar.v2,510,417.007
lutar.v2,511,380.292
lutar.v2,512,384.063
lutar.v2,513,425.959
lutar.v2,514,397.864
lutar.v2,515,407.47
lutar.v2,516,395.284
lutar.v2,517,411.145
lutar.v2,518,437.888
lutar.v2,519,416.416
lutar.v2,520,378.827
lutar.v2,521,384.646
lutar.v2,522,423.162
lutar.v2,523,391.898
lutar.v2,524,410.709
lutar.v2,525,386.162
lutar.v2,526,416.362
lutar.v2,527,435.1
lutar.v2,528,400.882
lutar.v2,529,427.37
lutar.v2,530,393.892
lutar.v2,531,411.422
lutar.v2,532,378.209
lutar.v2,533,404.962
lutar.v2,534,383.688
lutar.v2,535,396.478
lutar.v2,536,793.406
lutar.v2,537,557.019
lutar.v2,538,460.566
lutar.v2,539,460.506
lutar.v2,540,423.408
lutar.v2,541,466.216
lutar.v2,542,433.797
lutar.v2,543,512.205
lutar.v2,544,429.243
lutar.v2,545,444.454
lutar.v2,546,406.817
lutar.v2,547,448.722
lutar.v2,548,424.833
lutar.v2,549,460.94
lutar.v2,550,423.615
lutar.v2,551,448.523
lutar.v2,552,453.827
lutar.v2,553,420.874
lutar.v2,554,387.858
lutar.v2,555,396.481
lutar.v2,556,421.551
lutar.v2,557,392.007
lutar.v2,558,431.988
lutar.v2,559,387.355
lutar.v2,560,418.578
lutar.v2,561,424.8
lutar.v2,562,440.289
lutar.v2,563,403.594
lutar.v2,564,377.984
lutar.v2,565,490.177
lutar.v2,566,402.561
lutar.v2,567,426.988
lutar.v2,568,397.722
lutar.v2,569,523.838
lutar.v2,570,434.358
lutar.v2,571,446.369
lutar.v2,572,411.218
lutar.v2,573,438.593
lutar.v2,574,408.547
lutar.v2,575,432.523
lutar.v2,576,392.585
lutar.v2,577,382.522
lutar.v2,578,455.063
lutar.v2,579,390.52
lutar.v2,580,403.338
lutar.v2,581,375.949
lutar.v2,582,423.008
lutar.v2,583,371.952
lutar.v2,584,400.773
lutar.v2,585,393.259
lutar.v2,586,400.445
lutar.v2,587,439.343
lutar.v2,588,373.43
lutar.v2,589,403.866
lutar.v2,590,380.018
lutar.v2,591,401.242
lutar.v2,592,373.451
lutar.v2,593,384.075
lutar.v2,594,425.225
lutar.v2,595,395.427
lutar.v2,596,421.81
lutar.v2,597,469.322
lutar.v2,598,420.53
lutar.v2,599,396.417
lutar.v2,600,403.003
lutar.v2,601,382.445
lutar.v2,602,392.234
lutar.v2,603,410.646
lutar.v2,604,393.139
lutar.v2,605,416.206
lutar.v2,606,422.61
lutar.v2,607,416.667
lutar.v2,608,382.409
lutar.v2,609,374.127
lutar.v2,610,429.091
lutar.v2,611,381.462
lutar.v2,612,428.899
lutar.v2,613,379.244
lutar.v2,614,395.013
lutar.v2,615,421.982
lutar.v2,616,395.676
lutar.v2,617,443.474
lutar.v2,618,408.124
lutar.v2,619,482.762
lutar.v2,620,842.794
lutar.v2,621,552.272
lutar.v2,622,717.109
lutar.v2,623,640.215
lutar.v2,624,508.306
lutar.v2,625,522.962
lutar.v2,626,493.943
lutar.v2,627,463.792
lutar.v2,628,430.788
lutar.v2,629,570.327
lutar.v2,630,452.23
lutar.v2,631,414.65
lutar.v2,632,420.228
lutar.v2,633,441.436
lutar.v2,634,427.505
lutar.v2,635,435.16
lutar.v2,636,402.914
lutar.v2,637,631.214
lutar.v2,638,433.328
lutar.v2,639,454.892
lutar.v2,640,579.837
lutar.v2,641,447.158
lutar.v2,642,410.474
lutar.v2,643,461.191
lutar.v2,644,475.09
lutar.v2,645,531.676
lutar.v2,646,461.896
lutar.v2,647,413.408
lutar.v2,648,402.519
lutar.v2,649,433.276
lutar.v2,650,406.726
lutar.v2,651,405.902
lutar.v2,652,408.301
lutar.v2,653,438.026
lutar.v2,654,703.834
lutar.v2,655,555.907
lutar.v2,656,518.668
lutar.v2,657,470.121
lutar.v2,658,512.132
lutar.v2,659,517.177
lutar.v2,660,730.375
lutar.v2,661,600.945
lutar.v2,662,501.522
lutar.v2,663,561.435
lutar.v2,664,482.557
lutar.v2,665,574.452
lutar.v2,666,469.77
lutar.v2,667,606.702
lutar.v2,668,491.379
lutar.v2,669,434.869
lutar.v2,670,502.181
lutar.v2,671,483.37
lutar.v2,672,651.814
lutar.v2,673,701.439
lutar.v2,674,665.21
lutar.v2,675,587.195
lutar.v2,676,589.734
lutar.v2,677,523.095
lutar.v2,678,733.738
lutar.v2,679,670.337
lutar.v2,680,692.036
lutar.v2,681,651.766
lutar.v2,682,663.535
lutar.v2,683,527.838
lutar.v2,684,553.155
lutar.v2,685,492.377
lutar.v2,686,592.665
lutar.v2,687,605.84
lutar.v2,688,559.687
lutar.v2,689,483.29
lutar.v2,690,475.757
lutar.v2,691,506.793
lutar.v2,692,436.339
lutar.v2,693,511.913
lutar.v2,694,670.062
lutar.v2,695,522.992
lutar.v2,696,462.382
lutar.v2,697,431.612
lutar.v2,698,467.652
lutar.v2,699,466.894
lutar.v2,700,460.835
lutar.v2,701,491.192
lutar.v2,702,436.146
lutar.v2,703,926.295
lutar.v2,704,448.18
lutar.v2,705,446.539
lutar.v2,706,463.683
lutar.v2,707,452.409
lutar.v2,708,477.018
lutar.v2,709,440.72
lutar.v2,710,408.923
lutar.v2,711,420.479
lutar.v2,712,440.803
lutar.v2,713,401.971
lutar.v2,714,463.274
lutar.v2,715,436.828
lutar.v2,716,546.65
lutar.v2,717,661.154
lutar.v2,718,566.879
lutar.v2,719,540.58
lutar.v2,720,469.716
lutar.v2,721,489.522
lutar.v2,722,469.235
lutar.v2,723,618.559
lutar.v2,724,524.676
lutar.v2,725,452.906
lutar.v2,726,447.899
lutar.v2,727,428.827
lutar.v2,728,424.009
lutar.v2,729,423.892
lutar.v2,730,422.389
lutar.v2,731,559.388
lutar.v2,732,423.48
lutar.v2,733,452.895
lutar.v2,734,421.897
lutar.v2,735,446.693
lutar.v2,736,414.37
lutar.v2,737,451.925
lutar.v2,738,404.9
lutar.v2,739,474.067
lutar.v2,740,417.095
lutar.v2,741,443.928
lutar.v2,742,412.982
lutar.v2,743,443.655
lutar.v2,744,438.371
lutar.v2,745,555.534
lutar.v2,746,485.657
lutar.v2,747,598.229
lutar.v2,748,455.585
lutar.v2,749,450.209
lutar.v2,750,416.173
lutar.v2,751,436.759
lutar.v2,752,448.936
lutar.v2,753,449.297
lutar.v2,754,423.973
lutar.v2,755,551.186
lutar.v2,756,431.638
lutar.v2,757,440.281
lutar.v2,758,484.251
lutar.v2,759,424.664
lutar.v2,760,424.959
lutar.v2,761,475.113
lutar.v2,762,437.825
lutar.v2,763,462.38
lutar.v2,764,422.837
lutar.v2,765,448.603
lutar.v2,766,416.995
lutar.v2,767,470.316
lutar.v2,768,393.077
lutar.v2,769,411.901
lutar.v2,770,396.919
lutar.v2,771,395.701
lutar.v2,772,630.115
lutar.v2,773,636.39
lutar.v2,774,585.013
lutar.v2,775,540.305
lutar.v2,776,489.32
lutar.v2,777,465.942
lutar.v2,778,496.971
lutar.v2,779,492.167
lutar.v2,780,488.456
lutar.v2,781,428.489
lutar.v2,782,448.204
lutar.v2,783,417.258
lutar.v2,784,441.114
lutar.v2,785,467.273
lutar.v2,786,997.106
lutar.v2,787,522.62
lutar.v2,788,432.805
lutar.v2,789,460.326
lutar.v2,790,431.054
lutar.v2,791,433.599
lutar.v2,792,460.866
lutar.v2,793,442.044
lutar.v2,794,488.563
lutar.v2,795,473.299
lutar.v2,796,418.48
lutar.v2,797,418.741
lutar.v2,798,447.231
lutar.v2,799,427.944
lutar.v2,800,446.618
lutar.v2,801,428.162
lutar.v2,802,471.973
lutar.v2,803,429.437
lutar.v2,804,438.31
lutar.v2,805,461.431
lutar.v2,806,481.439
lutar.v2,807,419.883
lutar.v2,808,436.288
lutar.v2,809,410.147
lutar.v2,810,428.04
lutar.v2,811,455.587
lutar.v2,812,425.554
lutar.v2,813,417.91
lutar.v2,814,418.057
lutar.v2,815,415.869
lutar.v2,816,387.579
lutar.v2,817,417.596
lutar.v2,818,402.407
lutar.v2,819,444.233
lutar.v2,820,406.954
lutar.v2,821,420.204
lutar.v2,822,375.575
lutar.v2,823,421.395
lutar.v2,824,385.252
lutar.v2,825,390.4
lutar.v2,826,432.534
lutar.v2,827,385.855
lutar.v2,828,408.625
lutar.v2,829,380.879
lutar.v2,830,406.761
lutar.v2,831,388.73
lutar.v2,832,391.1
lutar.v2,833,399.119
lutar.v2,834,387.294
lutar.v2,835,426.681
lutar.v2,836,379.95
lutar.v2,837,573.694
lutar.v2,838,426.839
lutar.v2,839,406.349
lutar.v2,840,389.791
lutar.v2,841,413.063
lutar.v2,842,382.477
lutar.v2,843,381.498
lutar.v2,844,429.474
lutar.v2,845,405.78
lutar.v2,846,536.655
lutar.v2,847,650.923
lutar.v2,848,508.871
lutar.v2,849,496.44
lutar.v2,850,439.602
lutar.v2,851,516.387
lutar.v2,852,431.975
lutar.v2,853,460.141
lutar.v2,854,514.901
lutar.v2,855,447.526
lutar.v2,856,406.791
lutar.v2,857,437.965
lutar.v2,858,405.988
lutar.v2,859,428.667
lutar.v2,860,405.91
lutar.v2,861,626.695
lutar.v2,862,664.533
lutar.v2,863,528.303
lutar.v2,864,450.568
lutar.v2,865,473.384
lutar.v2,866,414.762
lutar.v2,867,449.722
lutar.v2,868,416.852
lutar.v2,869,1228.979
lutar.v2,870,532.934
lutar.v2,871,474.627
lutar.v2,872,429.406
lutar.v2,873,450.364
lutar.v2,874,427.808
lutar.v2,875,457.949
lutar.v2,876,454.333
lutar.v2,877,442.347
lutar.v2,878,415.607
lutar.v2,879,418.241
lutar.v2,880,439.637
lutar.v2,881,420.718
lutar.v2,882,421.058
lutar.v2,883,413.656
lutar.v2,884,444.291
lutar.v2,885,416.691
lutar.v2,886,432.087
lutar.v2,887,385.265
lutar.v2,888,414.894
lutar.v2,889,385.295
lutar.v2,890,404.5
lutar.v2,891,441.508
lutar.v2,892,401.161
lutar.v2,893,486.386
lutar.v2,894,436.064
lutar.v2,895,428.596
lutar.v2,896,409.719
lutar.v2,897,415.6
lutar.v2,898,382.193
lutar.v2,899,436.687
lutar.v2,900,418.292
lutar.v2,901,401.002
lutar.v2,902,467.722
lutar.v2,903,401.155
lutar.v2,904,409.905
lutar.v2,905,391.98
lutar.v2,906,413.677
lutar.v2,907,431.188
lutar.v2,908,514.893
lutar.v2,909,413.695
lutar.v2,910,442.545
lutar.v2,911,428.536
lutar.v2,912,455.406
lutar.v2,913,417.889
lutar.v2,914,405.275
lutar.v2,915,430.382
lutar.v2,916,439.261
lutar.v2,917,440.911
lutar.v2,918,420.578
lutar.v2,919,553.886
lutar.v2,920,673.227
lutar.v2,921,606.728
lutar.v2,922,579.047
lutar.v2,923,573.937
lutar.v2,924,500.752
lutar.v2,925,512.065
lutar.v2,926,583.879
lutar.v2,927,500.874
lutar.v2,928,462.078
lutar.v2,929,436.802
lutar.v2,930,422.069
lutar.v2,931,480.463
lutar.v2,932,432.152
lutar.v2,933,572.725
lutar.v2,934,460.799
lutar.v2,935,430.49
lutar.v2,936,409.383
lutar.v2,937,466.688
lutar.v2,938,415.478
lutar.v2,939,461.804
lutar.v2,940,397.184
lutar.v2,941,425.894
lutar.v2,942,466.18
lutar.v2,943,438.351
lutar.v2,944,404.73
lutar.v2,945,394.243
lutar.v2,946,443.723
lutar.v2,947,408.608
lutar.v2,948,444.81
lutar.v2,949,411.293
lutar.v2,950,431.733
lutar.v2,951,441.888
lutar.v2,952,794.269
lutar.v2,953,562.341
lutar.v2,954,512.768
lutar.v2,955,491.216
lutar.v2,956,445.383
lutar.v2,957,474.099
lutar.v2,958,486.321
lutar.v2,959,463.04
lutar.v2,960,411.622
lutar.v2,961,473.69
lutar.v2,962,414.105
lutar.v2,963,443.506
lutar.v2,964,405.062
lutar.v2,965,434.042
lutar.v2,966,448.923
lutar.v2,967,428.746
lutar.v2,968,407.228
lutar.v2,969,399.728
lutar.v2,970,445.227
lutar.v2,971,436.609
lutar.v2,972,430.468
lutar.v2,973,395.174
lutar.v2,974,432.018
lutar.v2,975,488.877
lutar.v2,976,425.728
lutar.v2,977,395.398
lutar.v2,978,427.719
lutar.v2,979,395.801
lutar.v2,980,392.688
lutar.v2,981,435.604
lutar.v2,982,406.413
lutar.v2,983,539.238
lutar.v2,984,655.849
lutar.v2,985,552.306
lutar.v2,986,531.555
lutar.v2,987,459.157
lutar.v2,988,479.834
lutar.v2,989,442.981
lutar.v2,990,578.705
lutar.v2,991,465.259
lutar.v2,992,469.93
lutar.v2,993,434.188
lutar.v2,994,465.698
lutar.v2,995,430.487
lutar.v2,996,463.702
lutar.v2,997,428.458
lutar.v2,998,503.262
lutar.v2,999,448.697
lutar.v6,0,726.896
lutar.v6,1,571.134
lutar.v6,2,524.947
lutar.v6,3,499.094
lutar.v6,4,504.142
lutar.v6,5,491.004
lutar.v6,6,556.207
lutar.v6,7,495.257
lutar.v6,8,625.391
lutar.v6,9,558.424
lutar.v6,10,500.706
lutar.v6,11,493.79
lutar.v6,12,462.336
lutar.v6,13,518.671
lutar.v6,14,495.232
lutar.v6,15,451.592
lutar.v6,16,461.809
lutar.v6,17,447.821
lutar.v6,18,442.187
lutar.v6,19,449.778
lutar.v6,20,426.825
lutar.v6,21,488.667
lutar.v6,22,451.506
lutar.v6,23,453.227
lutar.v6,24,430.605
lutar.v6,25,441.655
lutar.v6,26,411.746
lutar.v6,27,435.822
lutar.v6,28,397.924
lutar.v6,29,454.772
lutar.v6,30,441.643
lutar.v6,31,448.163
lutar.v6,32,396.136
lutar.v6,33,427.139
lutar.v6,34,388.876
lutar.v6,35,403.083
lutar.v6,36,435.702
lutar.v6,37,658.656
lutar.v6,38,741.807
lutar.v6,39,564.387
lutar.v6,40,505.658
lutar.v6,41,531.729
lutar.v6,42,557.262
lutar.v6,43,491.834
lutar.v6,44,507.215
lutar.v6,45,469.068
lutar.v6,46,478.49
lutar.v6,47,442.401
lutar.v6,48,623.684
lutar.v6,49,784.715
lutar.v6,50,581.278
lutar.v6,51,633.352
lutar.v6,52,625.109
lutar.v6,53,583.328
lutar.v6,54,553.52
lutar.v6,55,505.185
lutar.v6,56,504.828
lutar.v6,57,466.194
lutar.v6,58,524.193
lutar.v6,59,687.979
lutar.v6,60,681.827
lutar.v6,61,652.71
lutar.v6,62,658.912
lutar.v6,63,596.836
lutar.v6,64,589.871
lutar.v6,65,633.751
lutar.v6,66,524.502
lutar.v6,67,504.895
lutar.v6,68,867.318
lutar.v6,69,621.486
lutar.v6,70,577.908
lutar.v6,71,536.662
lutar.v6,72,515.018
lutar.v6,73,533.88
lutar.v6,74,516.428
lutar.v6,75,468.495
lutar.v6,76,482.337
lutar.v6,77,711.578
lutar.v6,78,623.319
lutar.v6,79,603.224
lutar.v6,80,525.091
lutar.v6,81,535.486
lutar.v6,82,517.367
lutar.v6,83,542.695
lutar.v6,84,470.838
lutar.v6,85,471.521
lutar.v6,86,440.071
lutar.v6,87,668.538
lutar.v6,88,584.051
lutar.v6,89,494.435
lutar.v6,90,698.821
lutar.v6,91,557.286
lutar.v6,92,492.722
lutar.v6,93,528.242
lutar.v6,94,466.695
lutar.v6,95,483.023
lutar.v6,96,527.834
lutar.v6,97,725.212
lutar.v6,98,700.602
lutar.v6,99,688.417
lutar.v6,100,521.043
lutar.v6,101,605.035
lutar.v6,102,581.908
lutar.v6,103,654.227
lutar.v6,104,612.334
lutar.v6,105,542.941
lutar.v6,106,543.989
lutar.v6,107,534.475
lutar.v6,108,600.956
lutar.v6,109,713.224
lutar.v6,110,772.159
lutar.v6,111,598.558
lutar.v6,112,528.008
lutar.v6,113,523.604
lutar.v6,114,709.677
lutar.v6,115,1091.644
lutar.v6,116,930.949
lutar.v6,117,520.058
lutar.v6,118,531.962
lutar.v6,119,480.141
lutar.v6,120,554.031
lutar.v6,121,474.084
lutar.v6,122,505.164
lutar.v6,123,514.736
lutar.v6,124,472.001
lutar.v6,125,465.761
lutar.v6,126,447.482
lutar.v6,127,435.376
lutar.v6,128,535.333
lutar.v6,129,480.239
lutar.v6,130,428.521
lutar.v6,131,440.541
lutar.v6,132,456.708
lutar.v6,133,447.751
lutar.v6,134,436.249
lutar.v6,135,431.263
lutar.v6,136,494.115
lutar.v6,137,445.772
lutar.v6,138,457.769
lutar.v6,139,426.335
lutar.v6,140,617.364
lutar.v6,141,520.795
lutar.v6,142,479.582
lutar.v6,143,505.218
lutar.v6,144,666.237
lutar.v6,145,673.311
lutar.v6,146,648.347
lutar.v6,147,548.022
lutar.v6,148,601.619
lutar.v6,149,843.739
lutar.v6,150,821.802
lutar.v6,151,713.915
lutar.v6,152,537.487
lutar.v6,153,623.238
lutar.v6,154,517.477
lutar.v6,155,598.651
lutar.v6,156,531.144
lutar.v6,157,531.327
lutar.v6,158,511.237
lutar.v6,159,458.485
lutar.v6,160,523.379
lutar.v6,161,479.072
lutar.v6,162,637.557
lutar.v6,163,707.955
lutar.v6,164,568.048
lutar.v6,165,549.005
lutar.v6,166,595.926
lutar.v6,167,522.264
lutar.v6,168,624.953
lutar.v6,169,597.031
lutar.v6,170,523.768
lutar.v6,171,528.777
lutar.v6,172,500.239
lutar.v6,173,643.921
lutar.v6,174,504.357
lutar.v6,175,571.191
lutar.v6,176,532.922
lutar.v6,177,479.786
lutar.v6,178,491.432
lutar.v6,179,432.122
lutar.v6,180,462.986
lutar.v6,181,610.088
lutar.v6,182,619.341
lutar.v6,183,625.316
lutar.v6,184,545.377
lutar.v6,185,525.713
lutar.v6,186,469.011
lutar.v6,187,528.313
lutar.v6,188,612.0
lutar.v6,189,757.408
lutar.v6,190,653.157
lutar.v6,191,691.689
lutar.v6,192,609.253
lutar.v6,193,638.32
lutar.v6,194,600.055
lutar.v6,195,582.566
lutar.v6,196,616.456
lutar.v6,197,656.168
lutar.v6,198,571.025
lutar.v6,199,543.491
lutar.v6,200,482.572
lutar.v6,201,687.913
lutar.v6,202,528.432
lutar.v6,203,457.464
lutar.v6,204,484.918
lutar.v6,205,433.849
lutar.v6,206,481.123
lutar.v6,207,432.36
lutar.v6,208,463.712
lutar.v6,209,471.81
lutar.v6,210,452.141
lutar.v6,211,454.682
lutar.v6,212,596.074
lutar.v6,213,542.577
lutar.v6,214,594.292
lutar.v6,215,580.582
lutar.v6,216,813.016
lutar.v6,217,707.336
lutar.v6,218,608.766
lutar.v6,219,589.961
lutar.v6,220,497.122
lutar.v6,221,531.52
lutar.v6,222,532.501
lutar.v6,223,628.626
lutar.v6,224,594.396
lutar.v6,225,560.814
lutar.v6,226,516.344
lutar.v6,227,471.715
lutar.v6,228,538.469
lutar.v6,229,466.278
lutar.v6,230,465.263
lutar.v6,231,555.336
lutar.v6,232,546.381
lutar.v6,233,640.211
lutar.v6,234,479.824
lutar.v6,235,690.717
lutar.v6,236,703.295
lutar.v6,237,629.447
lutar.v6,238,666.046
lutar.v6,239,597.523
lutar.v6,240,518.781
lutar.v6,241,685.141
lutar.v6,242,676.858
lutar.v6,243,574.06
lutar.v6,244,635.258
lutar.v6,245,558.226
lutar.v6,246,510.449
lutar.v6,247,645.339
lutar.v6,248,543.27
lutar.v6,249,623.66
lutar.v6,250,557.776
lutar.v6,251,485.816
lutar.v6,252,511.02
lutar.v6,253,479.439
lutar.v6,254,597.627
lutar.v6,255,466.015
lutar.v6,256,455.691
lutar.v6,257,439.655
lutar.v6,258,511.388
lutar.v6,259,492.674
lutar.v6,260,438.611
lutar.v6,261,447.288
lutar.v6,262,480.19
lutar.v6,263,456.041
lutar.v6,264,435.114
lutar.v6,265,428.733
lutar.v6,266,436.93
lutar.v6,267,431.886
lutar.v6,268,555.966
lutar.v6,269,643.345
lutar.v6,270,614.831
lutar.v6,271,535.564
lutar.v6,272,460.838
lutar.v6,273,492.229
lutar.v6,274,462.274
lutar.v6,275,459.549
lutar.v6,276,536.992
lutar.v6,277,499.362
lutar.v6,278,440.483
lutar.v6,279,424.614
lutar.v6,280,423.402
lutar.v6,281,443.68
lutar.v6,282,408.36
lutar.v6,283,483.811
lutar.v6,284,444.175
lutar.v6,285,630.984
lutar.v6,286,691.028
lutar.v6,287,569.732
lutar.v6,288,546.783
lutar.v6,289,537.448
lutar.v6,290,480.075
lutar.v6,291,1026.041
lutar.v6,292,1716.209
lutar.v6,293,580.261
lutar.v6,294,485.575
lutar.v6,295,490.794
lutar.v6,296,682.175
lutar.v6,297,665.135
lutar.v6,298,590.668
lutar.v6,299,532.848
lutar.v6,300,546.276
lutar.v6,301,508.838
lutar.v6,302,550.006
lutar.v6,303,684.666
lutar.v6,304,617.423
lutar.v6,305,719.955
lutar.v6,306,735.572
lutar.v6,307,521.042
lutar.v6,308,726.736
lutar.v6,309,668.839
lutar.v6,310,596.011
lutar.v6,311,533.377
lutar.v6,312,565.428
lutar.v6,313,492.431
lutar.v6,314,599.664
lutar.v6,315,595.282
lutar.v6,316,917.058
lutar.v6,317,1360.247
lutar.v6,318,858.122
lutar.v6,319,612.173
lutar.v6,320,497.543
lutar.v6,321,582.443
lutar.v6,322,474.649
lutar.v6,323,627.795
lutar.v6,324,611.507
lutar.v6,325,578.383
lutar.v6,326,635.021
lutar.v6,327,670.389
lutar.v6,328,648.255
lutar.v6,329,757.503
lutar.v6,330,871.518
lutar.v6,331,645.768
lutar.v6,332,767.919
lutar.v6,333,768.46
lutar.v6,334,694.169
lutar.v6,335,661.376
lutar.v6,336,618.65
lutar.v6,337,582.164
lutar.v6,338,689.94
lutar.v6,339,634.192
lutar.v6,340,536.947
lutar.v6,341,628.845
lutar.v6,342,705.026
lutar.v6,343,639.364
lutar.v6,344,560.098
lutar.v6,345,635.104
lutar.v6,346,584.173
lutar.v6,347,1109.303
lutar.v6,348,885.58
lutar.v6,349,974.779
lutar.v6,350,692.673
lutar.v6,351,736.479
lutar.v6,352,734.849
lutar.v6,353,783.685
lutar.v6,354,603.601
lutar.v6,355,546.57
lutar.v6,356,727.795
lutar.v6,357,783.504
lutar.v6,358,710.696
lutar.v6,359,577.713
lutar.v6,360,621.467
lutar.v6,361,626.933
lutar.v6,362,753.609
lutar.v6,363,603.675
lutar.v6,364,551.333
lutar.v6,365,490.857
lutar.v6,366,524.116
lutar.v6,367,478.451
lutar.v6,368,572.838
lutar.v6,369,489.537
lutar.v6,370,486.8
lutar.v6,371,449.93
lutar.v6,372,466.086
lutar.v6,373,446.431
lutar.v6,374,440.942
lutar.v6,375,478.158
lutar.v6,376,488.933
lutar.v6,377,441.87
lutar.v6,378,452.499
lutar.v6,379,473.96
lutar.v6,380,452.278
lutar.v6,381,399.479
lutar.v6,382,429.96
lutar.v6,383,401.513
lutar.v6,384,419.856
lutar.v6,385,468.887
lutar.v6,386,433.382
lutar.v6,387,421.031
lutar.v6,388,394.775
lutar.v6,389,423.236
lutar.v6,390,417.22
lutar.v6,391,409.332
lutar.v6,392,391.633
lutar.v6,393,443.997
lutar.v6,394,440.031
lutar.v6,395,454.647
lutar.v6,396,434.946
lutar.v6,397,432.126
lutar.v6,398,397.194
lutar.v6,399,880.653
lutar.v6,400,712.959
lutar.v6,401,556.952
lutar.v6,402,533.816
lutar.v6,403,521.654
lutar.v6,404,445.473
lutar.v6,405,516.327
lutar.v6,406,459.571
lutar.v6,407,467.896
lutar.v6,408,502.964
lutar.v6,409,475.632
lutar.v6,410,466.584
lutar.v6,411,457.977
lutar.v6,412,411.439
lutar.v6,413,449.417
lutar.v6,414,432.567
lutar.v6,415,473.991
lutar.v6,416,534.92
lutar.v6,417,520.708
lutar.v6,418,706.387
lutar.v6,419,619.432
lutar.v6,420,562.891
lutar.v6,421,470.074
lutar.v6,422,560.96
lutar.v6,423,485.455
lutar.v6,424,518.563
lutar.v6,425,449.566
lutar.v6,426,468.617
lutar.v6,427,423.775
lutar.v6,428,424.066
lutar.v6,429,417.711
lutar.v6,430,468.313
lutar.v6,431,419.846
lutar.v6,432,441.823
lutar.v6,433,413.346
lutar.v6,434,555.358
lutar.v6,435,538.807
lutar.v6,436,513.464
lutar.v6,437,615.709
lutar.v6,438,562.975
lutar.v6,439,483.219
lutar.v6,440,430.822
lutar.v6,441,458.887
lutar.v6,442,435.323
lutar.v6,443,612.754
lutar.v6,444,477.368
lutar.v6,445,665.017
lutar.v6,446,660.708
lutar.v6,447,520.669
lutar.v6,448,538.224
lutar.v6,449,514.922
lutar.v6,450,484.681
lutar.v6,451,474.722
lutar.v6,452,474.964
lutar.v6,453,496.977
lutar.v6,454,443.281
lutar.v6,455,471.556
lutar.v6,456,440.884
lutar.v6,457,433.303
lutar.v6,458,444.242
lutar.v6,459,448.595
lutar.v6,460,542.55
lutar.v6,461,452.274
lutar.v6,462,414.922
lutar.v6,463,438.344
lutar.v6,464,430.665
lutar.v6,465,432.117
lutar.v6,466,452.99
lutar.v6,467,402.92
lutar.v6,468,586.936
lutar.v6,469,678.06
lutar.v6,470,562.888
lutar.v6,471,528.004
lutar.v6,472,521.051
lutar.v6,473,566.694
lutar.v6,474,535.828
lutar.v6,475,552.54
lutar.v6,476,565.552
lutar.v6,477,466.213
lutar.v6,478,462.875
lutar.v6,479,441.086
lutar.v6,480,430.261
lutar.v6,481,448.195
lutar.v6,482,748.083
lutar.v6,483,497.466
lutar.v6,484,423.186
lutar.v6,485,454.652
lutar.v6,486,720.839
lutar.v6,487,689.037
lutar.v6,488,616.375
lutar.v6,489,506.743
lutar.v6,490,504.396
lutar.v6,491,520.655
lutar.v6,492,508.323
lutar.v6,493,476.687
lutar.v6,494,454.181
lutar.v6,495,582.632
lutar.v6,496,583.62
lutar.v6,497,692.677
lutar.v6,498,715.053
lutar.v6,499,530.433
lutar.v6,500,513.915
lutar.v6,501,515.198
lutar.v6,502,820.178
lutar.v6,503,638.543
lutar.v6,504,642.586
lutar.v6,505,551.898
lutar.v6,506,613.583
lutar.v6,507,575.967
lutar.v6,508,669.418
lutar.v6,509,564.726
lutar.v6,510,533.455
lutar.v6,511,577.941
lutar.v6,512,632.297
lutar.v6,513,751.37
lutar.v6,514,676.574
lutar.v6,515,715.008
lutar.v6,516,618.638
lutar.v6,517,582.444
lutar.v6,518,582.158
lutar.v6,519,569.84
lutar.v6,520,563.494
lutar.v6,521,559.625
lutar.v6,522,474.573
lutar.v6,523,467.801
lutar.v6,524,471.124
lutar.v6,525,539.832
lutar.v6,526,461.9
lutar.v6,527,497.88
lutar.v6,528,438.345
lutar.v6,529,559.753
lutar.v6,530,507.422
lutar.v6,531,471.892
lutar.v6,532,465.755
lutar.v6,533,433.983
lutar.v6,534,403.082
lutar.v6,535,487.865
lutar.v6,536,411.618
lutar.v6,537,429.061
lutar.v6,538,415.423
lutar.v6,539,438.804
lutar.v6,540,391.227
lutar.v6,541,441.266
lutar.v6,542,403.133
lutar.v6,543,428.813
lutar.v6,544,639.953
lutar.v6,545,564.182
lutar.v6,546,478.934
lutar.v6,547,504.0
lutar.v6,548,461.25
lutar.v6,549,487.621
lutar.v6,550,451.03
lutar.v6,551,707.507
lutar.v6,552,591.417
lutar.v6,553,499.276
lutar.v6,554,520.21
lutar.v6,555,476.084
lutar.v6,556,454.973
lutar.v6,557,446.625
lutar.v6,558,574.976
lutar.v6,559,475.965
lutar.v6,560,428.975
lutar.v6,561,613.799
lutar.v6,562,455.723
lutar.v6,563,495.073
lutar.v6,564,510.075
lutar.v6,565,866.713
lutar.v6,566,617.544
lutar.v6,567,543.827
lutar.v6,568,535.425
lutar.v6,569,510.008
lutar.v6,570,476.464
lutar.v6,571,509.352
lutar.v6,572,454.021
lutar.v6,573,473.589
lutar.v6,574,444.466
lutar.v6,575,661.284
lutar.v6,576,636.202
lutar.v6,577,567.24
lutar.v6,578,622.424
lutar.v6,579,542.594
lutar.v6,580,579.559
lutar.v6,581,588.737
lutar.v6,582,523.88
lutar.v6,583,540.262
lutar.v6,584,498.206
lutar.v6,585,611.524
lutar.v6,586,494.054
lutar.v6,587,442.357
lutar.v6,588,502.85
lutar.v6,589,437.678
lutar.v6,590,447.637
lutar.v6,591,420.197
lutar.v6,592,447.576
lutar.v6,593,456.644
lutar.v6,594,420.24
lutar.v6,595,428.201
lutar.v6,596,470.853
lutar.v6,597,490.326
lutar.v6,598,471.352
lutar.v6,599,419.657
lutar.v6,600,415.099
lutar.v6,601,497.494
lutar.v6,602,408.458
lutar.v6,603,446.735
lutar.v6,604,461.347
lutar.v6,605,465.812
lutar.v6,606,408.825
lutar.v6,607,415.857
lutar.v6,608,411.241
lutar.v6,609,470.814
lutar.v6,610,423.556
lutar.v6,611,450.853
lutar.v6,612,393.304
lutar.v6,613,430.503
lutar.v6,614,382.686
lutar.v6,615,390.659
lutar.v6,616,433.478
lutar.v6,617,398.038
lutar.v6,618,577.836
lutar.v6,619,643.191
lutar.v6,620,549.461
lutar.v6,621,608.214
lutar.v6,622,468.81
lutar.v6,623,472.17
lutar.v6,624,428.215
lutar.v6,625,507.747
lutar.v6,626,449.185
lutar.v6,627,464.877
lutar.v6,628,441.766
lutar.v6,629,464.146
lutar.v6,630,416.424
lutar.v6,631,439.149
lutar.v6,632,423.855
lutar.v6,633,521.044
lutar.v6,634,436.052
lutar.v6,635,456.696
lutar.v6,636,449.629
lutar.v6,637,459.176
lutar.v6,638,413.133
lutar.v6,639,495.017
lutar.v6,640,469.665
lutar.v6,641,532.565
lutar.v6,642,435.795
lutar.v6,643,450.627
lutar.v6,644,460.915
lutar.v6,645,470.087
lutar.v6,646,437.474
lutar.v6,647,936.615
lutar.v6,648,634.136
lutar.v6,649,545.312
lutar.v6,650,506.033
lutar.v6,651,528.42
lutar.v6,652,469.632
lutar.v6,653,515.466
lutar.v6,654,464.24
lutar.v6,655,481.88
lutar.v6,656,493.581
lutar.v6,657,467.139
lutar.v6,658,421.932
lutar.v6,659,557.009
lutar.v6,660,449.099
lutar.v6,661,456.576
lutar.v6,662,415.503
lutar.v6,663,463.408
lutar.v6,664,470.663
lutar.v6,665,465.504
lutar.v6,666,416.665
lutar.v6,667,442.192
lutar.v6,668,398.895
lutar.v6,669,446.178
lutar.v6,670,413.276
lutar.v6,671,396.38
lutar.v6,672,603.121
lutar.v6,673,420.096
lutar.v6,674,406.553
lutar.v6,675,401.78
lutar.v6,676,420.173
lutar.v6,677,383.963
lutar.v6,678,446.957
lutar.v6,679,403.214
lutar.v6,680,423.307
lutar.v6,681,436.272
lutar.v6,682,408.631
lutar.v6,683,397.005
lutar.v6,684,395.237
lutar.v6,685,436.062
lutar.v6,686,417.376
lutar.v6,687,433.154
lutar.v6,688,411.217
lutar.v6,689,796.553
lutar.v6,690,781.952
lutar.v6,691,686.477
lutar.v6,692,609.654
lutar.v6,693,650.052
lutar.v6,694,578.066
lutar.v6,695,657.369
lutar.v6,696,578.33
lutar.v6,697,588.729
lutar.v6,698,531.461
lutar.v6,699,540.435
lutar.v6,700,486.636
lutar.v6,701,618.463
lutar.v6,702,481.537
lutar.v6,703,426.49
lutar.v6,704,508.335
lutar.v6,705,426.294
lutar.v6,706,427.951
lutar.v6,707,420.294
lutar.v6,708,427.015
lutar.v6,709,604.945
lutar.v6,710,661.475
lutar.v6,711,777.033
lutar.v6,712,670.91
lutar.v6,713,642.739
lutar.v6,714,586.919
lutar.v6,715,677.275
lutar.v6,716,689.074
lutar.v6,717,696.157
lutar.v6,718,539.4
lutar.v6,719,625.137
lutar.v6,720,800.451
lutar.v6,721,676.6
lutar.v6,722,586.496
lutar.v6,723,631.126
lutar.v6,724,680.099
lutar.v6,725,521.766
lutar.v6,726,562.346
lutar.v6,727,498.938
lutar.v6,728,523.634
lutar.v6,729,633.292
lutar.v6,730,959.168
lutar.v6,731,611.098
lutar.v6,732,763.061
lutar.v6,733,651.92
lutar.v6,734,526.957
lutar.v6,735,537.258
lutar.v6,736,615.083
lutar.v6,737,599.386
lutar.v6,738,635.312
lutar.v6,739,561.299
lutar.v6,740,548.392
lutar.v6,741,622.134
lutar.v6,742,572.374
lutar.v6,743,560.379
lutar.v6,744,698.965
lutar.v6,745,660.082
lutar.v6,746,608.275
lutar.v6,747,627.523
lutar.v6,748,568.72
lutar.v6,749,580.411
lutar.v6,750,784.617
lutar.v6,751,760.011
lutar.v6,752,683.501
lutar.v6,753,677.538
lutar.v6,754,653.474
lutar.v6,755,609.956
lutar.v6,756,690.824
lutar.v6,757,628.643
lutar.v6,758,689.863
lutar.v6,759,531.862
lutar.v6,760,637.892
lutar.v6,761,800.839
lutar.v6,762,583.489
lutar.v6,763,513.926
lutar.v6,764,532.198
lutar.v6,765,466.569
lutar.v6,766,507.27
lutar.v6,767,458.484
lutar.v6,768,555.659
lutar.v6,769,468.796
lutar.v6,770,471.216
lutar.v6,771,447.159
lutar.v6,772,433.544
lutar.v6,773,443.859
lutar.v6,774,463.768
lutar.v6,775,423.12
lutar.v6,776,458.08
lutar.v6,777,422.675
lutar.v6,778,443.189
lutar.v6,779,422.732
lutar.v6,780,452.228
lutar.v6,781,396.789
lutar.v6,782,432.027
lutar.v6,783,412.52
lutar.v6,784,414.461
lutar.v6,785,447.301
lutar.v6,786,409.485
lutar.v6,787,430.981
lutar.v6,788,421.15
lutar.v6,789,451.06
lutar.v6,790,401.646
lutar.v6,791,412.466
lutar.v6,792,406.976
lutar.v6,793,448.345
lutar.v6,794,433.198
lutar.v6,795,418.542
lutar.v6,796,393.102
lutar.v6,797,399.869
lutar.v6,798,429.873
lutar.v6,799,399.355
lutar.v6,800,425.355
lutar.v6,801,385.757
lutar.v6,802,426.566
lutar.v6,803,415.42
lutar.v6,804,428.036
lutar.v6,805,413.293
lutar.v6,806,417.962
lutar.v6,807,433.782
lutar.v6,808,406.943
lutar.v6,809,408.241
lutar.v6,810,385.267
lutar.v6,811,444.21
lutar.v6,812,632.92
lutar.v6,813,417.71
lutar.v6,814,389.197
lutar.v6,815,421.712
lutar.v6,816,389.235
lutar.v6,817,413.519
lutar.v6,818,406.984
lutar.v6,819,407.173
lutar.v6,820,616.372
lutar.v6,821,624.473
lutar.v6,822,494.922
lutar.v6,823,492.762
lutar.v6,824,437.767
lutar.v6,825,456.411
lutar.v6,826,422.916
lutar.v6,827,536.188
lutar.v6,828,440.351
lutar.v6,829,452.661
lutar.v6,830,410.388
lutar.v6,831,449.501
lutar.v6,832,389.736
lutar.v6,833,435.263
lutar.v6,834,403.118
lutar.v6,835,425.806
lutar.v6,836,509.753
lutar.v6,837,432.202
lutar.v6,838,389.544
lutar.v6,839,408.357
lutar.v6,840,431.439
lutar.v6,841,403.896
lutar.v6,842,417.967
lutar.v6,843,395.65
lutar.v6,844,424.838
lutar.v6,845,437.786
lutar.v6,846,439.334
lutar.v6,847,393.801
lutar.v6,848,391.841
lutar.v6,849,444.394
lutar.v6,850,422.428
lutar.v6,851,469.2
lutar.v6,852,424.158
lutar.v6,853,540.45
lutar.v6,854,439.634
lutar.v6,855,445.459
lutar.v6,856,408.688
lutar.v6,857,427.423
lutar.v6,858,409.958
lutar.v6,859,436.199
lutar.v6,860,635.737
lutar.v6,861,680.484
lutar.v6,862,628.236
lutar.v6,863,558.003
lutar.v6,864,539.875
lutar.v6,865,483.937
lutar.v6,866,493.458
lutar.v6,867,622.227
lutar.v6,868,740.424
lutar.v6,869,677.761
lutar.v6,870,636.485
lutar.v6,871,584.453
lutar.v6,872,575.336
lutar.v6,873,644.393
lutar.v6,874,551.437
lutar.v6,875,575.448
lutar.v6,876,579.729
lutar.v6,877,535.229
lutar.v6,878,565.705
lutar.v6,879,540.813
lutar.v6,880,727.192
lutar.v6,881,580.737
lutar.v6,882,546.054
lutar.v6,883,534.736
lutar.v6,884,568.673
lutar.v6,885,518.384
lutar.v6,886,601.784
lutar.v6,887,537.182
lutar.v6,888,567.54
lutar.v6,889,580.86
lutar.v6,890,548.629
lutar.v6,891,559.11
lutar.v6,892,555.45
lutar.v6,893,601.063
lutar.v6,894,1075.76
lutar.v6,895,596.986
lutar.v6,896,631.723
lutar.v6,897,566.439
lutar.v6,898,823.67
lutar.v6,899,608.463
lutar.v6,900,557.334
lutar.v6,901,596.924
lutar.v6,902,631.565
lutar.v6,903,597.098
lutar.v6,904,640.33
lutar.v6,905,600.742
lutar.v6,906,549.732
lutar.v6,907,592.294
lutar.v6,908,551.974
lutar.v6,909,579.095
lutar.v6,910,609.187
lutar.v6,911,593.311
lutar.v6,912,541.143
lutar.v6,913,591.16
lutar.v6,914,558.37
lutar.v6,915,571.59
lutar.v6,916,573.938
lutar.v6,917,600.619
lutar.v6,918,632.257
lutar.v6,919,576.028
lutar.v6,920,549.404
lutar.v6,921,590.542
lutar.v6,922,542.315
lutar.v6,923,720.296
lutar.v6,924,594.487
lutar.v6,925,577.701
lutar.v6,926,589.61
lutar.v6,927,599.476
lutar.v6,928,535.97
lutar.v6,929,638.938
lutar.v6,930,548.879
lutar.v6,931,532.117
lutar.v6,932,583.653
lutar.v6,933,587.898
lutar.v6,934,584.718
lutar.v6,935,586.724
lutar.v6,936,606.298
lutar.v6,937,606.448
lutar.v6,938,600.227
lutar.v6,939,541.745
lutar.v6,940,592.064
lutar.v6,941,638.98
lutar.v6,942,636.1
lutar.v6,943,750.311
lutar.v6,944,717.492
lutar.v6,945,551.407
lutar.v6,946,589.199
lutar.v6,947,592.57
lutar.v6,948,636.684
lutar.v6,949,674.019
lutar.v6,950,599.074
lutar.v6,951,559.718
lutar.v6,952,591.693
lutar.v6,953,544.818
lutar.v6,954,738.343
lutar.v6,955,570.766
lutar.v6,956,546.696
lutar.v6,957,603.934
lutar.v6,958,599.632
lutar.v6,959,547.532
lutar.v6,960,670.881
lutar.v6,961,584.251
lutar.v6,962,533.699
lutar.v6,963,617.063
lutar.v6,964,574.745
lutar.v6,965,557.295
lutar.v6,966,797.313
lutar.v6,967,590.913
lutar.v6,968,518.065
lutar.v6,969,577.391
lutar.v6,970,538.299
lutar.v6,971,572.675
lutar.v6,972,595.327
lutar.v6,973,647.819
lutar.v6,974,585.095
lutar.v6,975,926.198
lutar.v6,976,660.7
lutar.v6,977,540.22
lutar.v6,978,744.128
lutar.v6,979,599.06
lutar.v6,980,539.842
lutar.v6,981,581.41
lutar.v6,982,538.251
lutar.v6,983,572.781
lutar.v6,984,570.594
lutar.v6,985,672.087
lutar.v6,986,587.446
lutar.v6,987,585.099
lutar.v6,988,537.434
lutar.v6,989,585.073
lutar.v6,990,538.227
lutar.v6,991,725.776
lutar.v6,992,609.301
lutar.v6,993,568.179
lutar.v6,994,578.368
lutar.v6,995,590.006
lutar.v6,996,539.822
lutar.v6,997,645.605
lutar.v6,998,599.151
lutar.v6,999,599.158
lutar.v7,0,745.515
lutar.v7,1,604.767
lutar.v7,2,559.928
lutar.v7,3,583.208
lutar.v7,4,581.939
lutar.v7,5,938.543
lutar.v7,6,855.038
lutar.v7,7,559.39
lutar.v7,8,599.317
lutar.v7,9,556.384
lutar.v7,10,571.873
lutar.v7,11,802.388
lutar.v7,12,585.221
lutar.v7,13,536.62
lutar.v7,14,582.463
lutar.v7,15,564.356
lutar.v7,16,593.544
lutar.v7,17,586.372
lutar.v7,18,625.204
lutar.v7,19,588.081
lutar.v7,20,573.698
lutar.v7,21,531.452
lutar.v7,22,609.042
lutar.v7,23,551.605
lutar.v7,24,690.871
lutar.v7,25,578.341
lutar.v7,26,527.891
lutar.v7,27,571.394
lutar.v7,28,582.087
lutar.v7,29,533.226
lutar.v7,30,627.579
lutar.v7,31,572.46
lutar.v7,32,599.142
lutar.v7,33,585.361
lutar.v7,34,549.687
lutar.v7,35,594.771
lutar.v7,36,610.906
lutar.v7,37,643.241
lutar.v7,38,593.377
lutar.v7,39,541.685
lutar.v7,40,541.116
lutar.v7,41,586.053
lutar.v7,42,556.917
lutar.v7,43,834.274
lutar.v7,44,587.729
lutar.v7,45,566.738
lutar.v7,46,575.995
lutar.v7,47,613.586
lutar.v7,48,575.584
lutar.v7,49,694.161
lutar.v7,50,603.37
lutar.v7,51,553.273
lutar.v7,52,585.957
lutar.v7,53,630.057
lutar.v7,54,535.467
lutar.v7,55,777.628
lutar.v7,56,602.042
lutar.v7,57,552.642
lutar.v7,58,581.544
lutar.v7,59,582.241
lutar.v7,60,548.943
lutar.v7,61,725.803
lutar.v7,62,606.634
lutar.v7,63,547.845
lutar.v7,64,630.065
lutar.v7,65,620.87
lutar.v7,66,513.355
lutar.v7,67,557.946
lutar.v7,68,1274.815
lutar.v7,69,532.516
lutar.v7,70,459.717
lutar.v7,71,466.986
lutar.v7,72,468.953
lutar.v7,73,598.535
lutar.v7,74,593.591
lutar.v7,75,574.085
lutar.v7,76,559.211
lutar.v7,77,465.504
lutar.v7,78,485.902
lutar.v7,79,435.345
lutar.v7,80,460.715
lutar.v7,81,1371.025
lutar.v7,82,532.846
lutar.v7,83,459.182
lutar.v7,84,469.318
lutar.v7,85,462.198
lutar.v7,86,752.556
lutar.v7,87,482.819
lutar.v7,88,478.526
lutar.v7,89,435.945
lutar.v7,90,447.879
lutar.v7,91,421.936
lutar.v7,92,446.742
lutar.v7,93,421.538
lutar.v7,94,495.856
lutar.v7,95,423.103
lutar.v7,96,438.241
lutar.v7,97,417.332
lutar.v7,98,436.489
lutar.v7,99,417.514
lutar.v7,100,449.916
lutar.v7,101,406.227
lutar.v7,102,394.641
lutar.v7,103,466.58
lutar.v7,104,404.237
lutar.v7,105,414.276
lutar.v7,106,400.882
lutar.v7,107,406.11
lutar.v7,108,382.691
lutar.v7,109,412.893
lutar.v7,110,393.708
lutar.v7,111,384.049
lutar.v7,112,436.364
lutar.v7,113,441.99
lutar.v7,114,539.909
lutar.v7,115,533.359
lutar.v7,116,519.73
lutar.v7,117,562.159
lutar.v7,118,530.214
lutar.v7,119,621.206
lutar.v7,120,467.375
lutar.v7,121,431.334
lutar.v7,122,437.471
lutar.v7,123,483.273
lutar.v7,124,412.58
lutar.v7,125,501.962
lutar.v7,126,430.995
lutar.v7,127,594.873
lutar.v7,128,566.612
lutar.v7,129,513.506
lutar.v7,130,732.65
lutar.v7,131,724.336
lutar.v7,132,736.143
lutar.v7,133,934.91
lutar.v7,134,700.869
lutar.v7,135,741.654
lutar.v7,136,663.438
lutar.v7,137,681.64
lutar.v7,138,716.196
lutar.v7,139,524.443
lutar.v7,140,642.994
lutar.v7,141,625.059
lutar.v7,142,595.715
lutar.v7,143,581.908
lutar.v7,144,554.843
lutar.v7,145,584.592
lutar.v7,146,548.091
lutar.v7,147,559.57
lutar.v7,148,454.366
lutar.v7,149,475.499
lutar.v7,150,439.885
lutar.v7,151,584.358
lutar.v7,152,644.703
lutar.v7,153,507.512
lutar.v7,154,506.901
lutar.v7,155,459.95
lutar.v7,156,489.281
lutar.v7,157,441.243
lutar.v7,158,561.372
lutar.v7,159,441.122
lutar.v7,160,477.987
lutar.v7,161,432.697
lutar.v7,162,459.703
lutar.v7,163,420.104
lutar.v7,164,437.764
lutar.v7,165,437.32
lutar.v7,166,820.088
lutar.v7,167,490.221
lutar.v7,168,427.943
lutar.v7,169,450.167
lutar.v7,170,414.72
lutar.v7,171,447.849
lutar.v7,172,442.894
lutar.v7,173,424.289
lutar.v7,174,489.372
lutar.v7,175,428.82
lutar.v7,176,435.293
lutar.v7,177,428.56
lutar.v7,178,457.454
lutar.v7,179,407.343
lutar.v7,180,461.572
lutar.v7,181,429.681
lutar.v7,182,473.467
lutar.v7,183,426.232
lutar.v7,184,443.905
lutar.v7,185,411.032
lutar.v7,186,435.862
lutar.v7,187,392.666
lutar.v7,188,434.2
lutar.v7,189,423.9
lutar.v7,190,431.713
lutar.v7,191,483.616
lutar.v7,192,408.64
lutar.v7,193,409.779
lutar.v7,194,394.766
lutar.v7,195,424.73
lutar.v7,196,402.965
lutar.v7,197,421.169
lutar.v7,198,385.042
lutar.v7,199,475.304
lutar.v7,200,464.146
lutar.v7,201,421.987
lutar.v7,202,391.503
lutar.v7,203,391.427
lutar.v7,204,423.806
lutar.v7,205,401.161
lutar.v7,206,431.338
lutar.v7,207,395.456
lutar.v7,208,418.91
lutar.v7,209,653.711
lutar.v7,210,548.443
lutar.v7,211,534.462
lutar.v7,212,475.672
lutar.v7,213,519.937
lutar.v7,214,440.844
lutar.v7,215,570.309
lutar.v7,216,625.603
lutar.v7,217,523.517
lutar.v7,218,553.155
lutar.v7,219,479.953
lutar.v7,220,496.074
lutar.v7,221,460.065
lutar.v7,222,583.492
lutar.v7,223,632.426
lutar.v7,224,533.449
lutar.v7,225,537.188
lutar.v7,226,483.554
lutar.v7,227,473.872
lutar.v7,228,463.257
lutar.v7,229,561.508
lutar.v7,230,471.787
lutar.v7,231,472.394
lutar.v7,232,425.932
lutar.v7,233,465.08
lutar.v7,234,419.114
lutar.v7,235,456.846
lutar.v7,236,429.207
lutar.v7,237,470.599
lutar.v7,238,421.433
lutar.v7,239,468.36
lutar.v7,240,423.99
lutar.v7,241,466.451
lutar.v7,242,400.474
lutar.v7,243,443.401
lutar.v7,244,396.761
lutar.v7,245,434.361
lutar.v7,246,802.276
lutar.v7,247,606.726
lutar.v7,248,524.135
lutar.v7,249,506.237
lutar.v7,250,498.665
lutar.v7,251,479.612
lutar.v7,252,546.054
lutar.v7,253,462.29
lutar.v7,254,444.495
lutar.v7,255,438.92
lutar.v7,256,479.341
lutar.v7,257,420.345
lutar.v7,258,647.691
lutar.v7,259,733.532
lutar.v7,260,523.269
lutar.v7,261,524.861
lutar.v7,262,476.409
lutar.v7,263,477.431
lutar.v7,264,433.766
lutar.v7,265,495.062
lutar.v7,266,439.483
lutar.v7,267,545.219
lutar.v7,268,427.129
lutar.v7,269,458.05
lutar.v7,270,422.355
lutar.v7,271,453.605
lutar.v7,272,435.077
lutar.v7,273,449.923
lutar.v7,274,419.656
lutar.v7,275,482.887
lutar.v7,276,420.49
lutar.v7,277,452.828
lutar.v7,278,410.049
lutar.v7,279,441.153
lutar.v7,280,394.7
lutar.v7,281,419.812
lutar.v7,282,405.167
lutar.v7,283,390.496
lutar.v7,284,573.08
lutar.v7,285,404.967
lutar.v7,286,391.193
lutar.v7,287,401.562
lutar.v7,288,426.074
lutar.v7,289,398.904
lutar.v7,290,442.28
lutar.v7,291,393.859
lutar.v7,292,406.546
lutar.v7,293,465.72
lutar.v7,294,450.421
lutar.v7,295,414.869
lutar.v7,296,388.769
lutar.v7,297,425.836
lutar.v7,298,402.402
lutar.v7,299,463.301
lutar.v7,300,401.922
lutar.v7,301,435.932
lutar.v7,302,392.981
lutar.v7,303,477.165
lutar.v7,304,405.292
lutar.v7,305,421.377
lutar.v7,306,397.217
lutar.v7,307,395.245
lutar.v7,308,434.889
lutar.v7,309,405.499
lutar.v7,310,587.944
lutar.v7,311,759.609
lutar.v7,312,630.38
lutar.v7,313,545.231
lutar.v7,314,589.13
lutar.v7,315,495.951
lutar.v7,316,597.617
lutar.v7,317,507.062
lutar.v7,318,508.844
lutar.v7,319,648.327
lutar.v7,320,528.878
lutar.v7,321,536.265
lutar.v7,322,470.232
lutar.v7,323,515.207
lutar.v7,324,455.184
lutar.v7,325,438.574
lutar.v7,326,893.674
lutar.v7,327,574.545
lutar.v7,328,522.756
lutar.v7,329,492.053
lutar.v7,330,509.067
lutar.v7,331,489.845
lutar.v7,332,437.186
lutar.v7,333,473.362
lutar.v7,334,433.002
lutar.v7,335,468.278
lutar.v7,336,408.427
lutar.v7,337,433.604
lutar.v7,338,461.46
lutar.v7,339,465.995
lutar.v7,340,423.158
lutar.v7,341,439.287
lutar.v7,342,413.165
lutar.v7,343,415.045
lutar.v7,344,446.071
lutar.v7,345,414.941
lutar.v7,346,463.624
lutar.v7,347,418.439
lutar.v7,348,433.514
lutar.v7,349,405.242
lutar.v7,350,449.493
lutar.v7,351,406.618
lutar.v7,352,438.556
lutar.v7,353,400.119
lutar.v7,354,400.51
lutar.v7,355,468.808
lutar.v7,356,408.608
lutar.v7,357,434.567
lutar.v7,358,400.37
lutar.v7,359,421.447
lutar.v7,360,405.766
lutar.v7,361,440.359
lutar.v7,362,416.418
lutar.v7,363,445.648
lutar.v7,364,526.917
lutar.v7,365,447.724
lutar.v7,366,407.725
lutar.v7,367,421.702
lutar.v7,368,383.909
lutar.v7,369,388.871
lutar.v7,370,410.157
lutar.v7,371,385.509
lutar.v7,372,464.751
lutar.v7,373,396.121
lutar.v7,374,432.973
lutar.v7,375,382.88
lutar.v7,376,408.335
lutar.v7,377,390.525
lutar.v7,378,392.26
lutar.v7,379,437.559
lutar.v7,380,397.714
lutar.v7,381,553.707
lutar.v7,382,650.69
lutar.v7,383,517.294
lutar.v7,384,488.001
lutar.v7,385,436.314
lutar.v7,386,466.079
lutar.v7,387,416.441
lutar.v7,388,457.512
lutar.v7,389,505.645
lutar.v7,390,451.566
lutar.v7,391,415.717
lutar.v7,392,442.772
lutar.v7,393,407.083
lutar.v7,394,453.151
lutar.v7,395,418.502
lutar.v7,396,412.6
lutar.v7,397,601.311
lutar.v7,398,450.918
lutar.v7,399,464.049
lutar.v7,400,463.975
lutar.v7,401,424.612
lutar.v7,402,423.36
lutar.v7,403,419.142
lutar.v7,404,431.209
lutar.v7,405,523.091
lutar.v7,406,656.856
lutar.v7,407,458.367
lutar.v7,408,465.683
lutar.v7,409,422.042
lutar.v7,410,448.891
lutar.v7,411,421.382
lutar.v7,412,474.421
lutar.v7,413,655.416
lutar.v7,414,635.758
lutar.v7,415,572.398
lutar.v7,416,527.474
lutar.v7,417,538.349
lutar.v7,418,472.0
lutar.v7,419,535.839
lutar.v7,420,518.843
lutar.v7,421,513.561
lutar.v7,422,469.402
lutar.v7,423,470.574
lutar.v7,424,438.182
lutar.v7,425,473.256
lutar.v7,426,432.556
lutar.v7,427,728.934
lutar.v7,428,714.797
lutar.v7,429,631.944
lutar.v7,430,512.155
lutar.v7,431,546.158
lutar.v7,432,492.332
lutar.v7,433,511.058
lutar.v7,434,556.879
lutar.v7,435,522.176
lutar.v7,436,598.827
lutar.v7,437,476.196
lutar.v7,438,515.241
lutar.v7,439,477.601
lutar.v7,440,615.299
lutar.v7,441,635.603
lutar.v7,442,644.966
lutar.v7,443,565.525
lutar.v7,444,619.372
lutar.v7,445,553.949
lutar.v7,446,606.727
lutar.v7,447,477.228
lutar.v7,448,493.685
lutar.v7,449,483.461
lutar.v7,450,499.236
lutar.v7,451,466.888
lutar.v7,452,434.571
lutar.v7,453,419.546
lutar.v7,454,685.165
lutar.v7,455,607.817
lutar.v7,456,499.173
lutar.v7,457,531.525
lutar.v7,458,475.709
lutar.v7,459,497.501
lutar.v7,460,444.721
lutar.v7,461,589.734
lutar.v7,462,492.773
lutar.v7,463,429.921
lutar.v7,464,475.603
lutar.v7,465,420.519
lutar.v7,466,452.905
lutar.v7,467,424.837
lutar.v7,468,456.99
lutar.v7,469,457.494
lutar.v7,470,421.738
lutar.v7,471,415.264
lutar.v7,472,417.639
lutar.v7,473,443.869
lutar.v7,474,415.424
lutar.v7,475,409.875
lutar.v7,476,409.64
lutar.v7,477,439.976
lutar.v7,478,444.815
lutar.v7,479,435.778
lutar.v7,480,395.601
lutar.v7,481,432.249
lutar.v7,482,392.444
lutar.v7,483,385.115
lutar.v7,484,440.557
lutar.v7,485,408.635
lutar.v7,486,841.971
lutar.v7,487,576.334
lutar.v7,488,478.417
lutar.v7,489,508.697
lutar.v7,490,453.583
lutar.v7,491,476.533
lutar.v7,492,441.453
lutar.v7,493,681.686
lutar.v7,494,618.185
lutar.v7,495,502.801
lutar.v7,496,487.098
lutar.v7,497,454.835
lutar.v7,498,474.727
lutar.v7,499,473.094
lutar.v7,500,549.946
lutar.v7,501,476.903
lutar.v7,502,467.782
lutar.v7,503,454.641
lutar.v7,504,459.844
lutar.v7,505,411.062
lutar.v7,506,446.229
lutar.v7,507,414.217
lutar.v7,508,621.933
lutar.v7,509,448.161
lutar.v7,510,423.313
lutar.v7,511,422.469
lutar.v7,512,446.029
lutar.v7,513,407.446
lutar.v7,514,441.035
lutar.v7,515,434.641
lutar.v7,516,517.894
lutar.v7,517,446.622
lutar.v7,518,438.498
lutar.v7,519,419.768
lutar.v7,520,465.315
lutar.v7,521,421.31
lutar.v7,522,447.025
lutar.v7,523,417.971
lutar.v7,524,449.665
lutar.v7,525,694.296
lutar.v7,526,577.584
lutar.v7,527,493.853
lutar.v7,528,482.314
lutar.v7,529,489.598
lutar.v7,530,457.066
lutar.v7,531,466.553
lutar.v7,532,527.211
lutar.v7,533,520.585
lutar.v7,534,433.863
lutar.v7,535,468.401
lutar.v7,536,411.949
lutar.v7,537,510.083
lutar.v7,538,469.763
lutar.v7,539,470.698
lutar.v7,540,482.296
lutar.v7,541,478.914
lutar.v7,542,448.842
lutar.v7,543,490.409
lutar.v7,544,430.842
lutar.v7,545,454.287
lutar.v7,546,447.16
lutar.v7,547,484.295
lutar.v7,548,493.417
lutar.v7,549,459.105
lutar.v7,550,412.591
lutar.v7,551,441.964
lutar.v7,552,415.971
lutar.v7,553,443.644
lutar.v7,554,406.18
lutar.v7,555,418.052
lutar.v7,556,480.518
lutar.v7,557,412.064
lutar.v7,558,428.816
lutar.v7,559,391.122
lutar.v7,560,418.615
lutar.v7,561,396.419
lutar.v7,562,428.574
lutar.v7,563,388.348
lutar.v7,564,396.218
lutar.v7,565,449.832
lutar.v7,566,697.166
lutar.v7,567,434.194
lutar.v7,568,477.619
lutar.v7,569,401.274
lutar.v7,570,421.506
lutar.v7,571,390.914
lutar.v7,572,397.362
lutar.v7,573,477.867
lutar.v7,574,439.846
lutar.v7,575,429.5
lutar.v7,576,395.394
lutar.v7,577,411.0
lutar.v7,578,387.592
lutar.v7,579,411.166
lutar.v7,580,379.271
lutar.v7,581,401.52
lutar.v7,582,460.35
lutar.v7,583,666.167
lutar.v7,584,480.798
lutar.v7,585,493.135
lutar.v7,586,419.689
lutar.v7,587,450.483
lutar.v7,588,419.448
lutar.v7,589,428.105
lutar.v7,590,661.765
lutar.v7,591,593.674
lutar.v7,592,482.332
lutar.v7,593,489.31
lutar.v7,594,494.989
lutar.v7,595,449.368
lutar.v7,596,469.221
lutar.v7,597,503.958
lutar.v7,598,496.032
lutar.v7,599,452.101
lutar.v7,600,481.199
lutar.v7,601,435.701
lutar.v7,602,620.968
lutar.v7,603,510.667
lutar.v7,604,671.145
lutar.v7,605,496.93
lutar.v7,606,477.413
lutar.v7,607,480.01
lutar.v7,608,430.717
lutar.v7,609,478.672
lutar.v7,610,418.479
lutar.v7,611,450.444
lutar.v7,612,461.038
lutar.v7,613,465.05
lutar.v7,614,452.572
lutar.v7,615,468.953
lutar.v7,616,424.368
lutar.v7,617,419.993
lutar.v7,618,429.423
lutar.v7,619,415.822
lutar.v7,620,552.947
lutar.v7,621,419.794
lutar.v7,622,440.192
lutar.v7,623,410.785
lutar.v7,624,442.708
lutar.v7,625,424.918
lutar.v7,626,433.817
lutar.v7,627,406.902
lutar.v7,628,443.448
lutar.v7,629,447.959
lutar.v7,630,434.325
lutar.v7,631,398.011
lutar.v7,632,439.358
lutar.v7,633,404.859
lutar.v7,634,410.21
lutar.v7,635,434.115
lutar.v7,636,403.772
lutar.v7,637,588.365
lutar.v7,638,671.012
lutar.v7,639,513.381
lutar.v7,640,496.55
lutar.v7,641,438.579
lutar.v7,642,451.959
lutar.v7,643,427.444
lutar.v7,644,463.994
lutar.v7,645,439.586
lutar.v7,646,787.532
lutar.v7,647,653.699
lutar.v7,648,602.324
lutar.v7,649,541.146
lutar.v7,650,534.317
lutar.v7,651,640.528
lutar.v7,652,518.395
lutar.v7,653,463.794
lutar.v7,654,476.297
lutar.v7,655,445.098
lutar.v7,656,467.183
lutar.v7,657,437.791
lutar.v7,658,582.515
lutar.v7,659,497.853
lutar.v7,660,440.814
lutar.v7,661,476.988
lutar.v7,662,431.271
lutar.v7,663,457.239
lutar.v7,664,431.438
lutar.v7,665,430.952
lutar.v7,666,484.353
lutar.v7,667,443.197
lutar.v7,668,428.209
lutar.v7,669,625.216
lutar.v7,670,535.166
lutar.v7,671,497.126
lutar.v7,672,470.511
lutar.v7,673,495.677
lutar.v7,674,445.099
lutar.v7,675,444.331
lutar.v7,676,432.637
lutar.v7,677,464.999
lutar.v7,678,425.041
lutar.v7,679,449.872
lutar.v7,680,428.186
lutar.v7,681,472.848
lutar.v7,682,474.281
lutar.v7,683,451.403
lutar.v7,684,420.4
lutar.v7,685,466.837
lutar.v7,686,415.727
lutar.v7,687,443.739
lutar.v7,688,413.704
lutar.v7,689,442.435
lutar.v7,690,454.533
lutar.v7,691,531.88
lutar.v7,692,525.903
lutar.v7,693,500.996
lutar.v7,694,448.035
lutar.v7,695,466.065
lutar.v7,696,440.671
lutar.v7,697,525.092
lutar.v7,698,489.956
lutar.v7,699,481.634
lutar.v7,700,437.077
lutar.v7,701,418.747
lutar.v7,702,446.619
lutar.v7,703,443.028
lutar.v7,704,410.486
lutar.v7,705,454.703
lutar.v7,706,445.974
lutar.v7,707,454.35
lutar.v7,708,417.558
lutar.v7,709,436.016
lutar.v7,710,403.893
lutar.v7,711,412.134
lutar.v7,712,644.222
lutar.v7,713,662.542
lutar.v7,714,519.024
lutar.v7,715,528.716
lutar.v7,716,508.93
lutar.v7,717,565.672
lutar.v7,718,525.972
lutar.v7,719,479.786
lutar.v7,720,552.142
lutar.v7,721,443.034
lutar.v7,722,477.318
lutar.v7,723,584.492
lutar.v7,724,536.95
lutar.v7,725,498.512
lutar.v7,726,734.915
lutar.v7,727,639.628
lutar.v7,728,567.982
lutar.v7,729,506.187
lutar.v7,730,517.404
lutar.v7,731,459.261
lutar.v7,732,484.324
lutar.v7,733,444.304
lutar.v7,734,481.556
lutar.v7,735,469.461
lutar.v7,736,456.715
lutar.v7,737,430.744
lutar.v7,738,509.361
lutar.v7,739,469.12
lutar.v7,740,470.241
lutar.v7,741,510.0
lutar.v7,742,566.246
lutar.v7,743,563.028
lutar.v7,744,517.845
lutar.v7,745,556.019
lutar.v7,746,557.752
lutar.v7,747,534.527
lutar.v7,748,636.131
lutar.v7,749,529.933
lutar.v7,750,582.527
lutar.v7,751,554.767
lutar.v7,752,524.336
lutar.v7,753,555.847
lutar.v7,754,511.108
lutar.v7,755,821.921
lutar.v7,756,699.643
lutar.v7,757,635.186
lutar.v7,758,595.812
lutar.v7,759,596.02
lutar.v7,760,564.079
lutar.v7,761,698.559
lutar.v7,762,731.008
lutar.v7,763,638.308
lutar.v7,764,495.046
lutar.v7,765,506.57
lutar.v7,766,468.145
lutar.v7,767,524.425
lutar.v7,768,485.449
lutar.v7,769,437.419
lutar.v7,770,438.056
lutar.v7,771,432.614
lutar.v7,772,460.173
lutar.v7,773,429.024
lutar.v7,774,420.928
lutar.v7,775,491.208
lutar.v7,776,438.403
lutar.v7,777,592.125
lutar.v7,778,666.252
lutar.v7,779,591.035
lutar.v7,780,547.905
lutar.v7,781,505.905
lutar.v7,782,541.96
lutar.v7,783,509.548
lutar.v7,784,467.134
lutar.v7,785,513.141
lutar.v7,786,466.268
lutar.v7,787,480.196
lutar.v7,788,461.488
lutar.v7,789,542.663
lutar.v7,790,475.424
lutar.v7,791,489.784
lutar.v7,792,446.35
lutar.v7,793,473.377
lutar.v7,794,496.843
lutar.v7,795,459.799
lutar.v7,796,415.478
lutar.v7,797,550.499
lutar.v7,798,455.838
lutar.v7,799,475.333
lutar.v7,800,415.838
lutar.v7,801,439.622
lutar.v7,802,463.377
lutar.v7,803,431.555
lutar.v7,804,403.251
lutar.v7,805,608.263
lutar.v7,806,568.715
lutar.v7,807,468.642
lutar.v7,808,458.797
lutar.v7,809,434.17
lutar.v7,810,429.299
lutar.v7,811,410.638
lutar.v7,812,429.568
lutar.v7,813,505.26
lutar.v7,814,415.306
lutar.v7,815,440.279
lutar.v7,816,396.717
lutar.v7,817,448.27
lutar.v7,818,399.402
lutar.v7,819,453.601
lutar.v7,820,392.837
lutar.v7,821,416.396
lutar.v7,822,441.034
lutar.v7,823,403.702
lutar.v7,824,401.014
lutar.v7,825,401.297
lutar.v7,826,417.815
lutar.v7,827,437.328
lutar.v7,828,429.455
lutar.v7,829,387.862
lutar.v7,830,415.923
lutar.v7,831,417.65
lutar.v7,832,404.898
lutar.v7,833,401.234
lutar.v7,834,396.157
lutar.v7,835,426.049
lutar.v7,836,391.791
lutar.v7,837,429.369
lutar.v7,838,380.094
lutar.v7,839,400.976
lutar.v7,840,449.215
lutar.v7,841,441.378
lutar.v7,842,401.482
lutar.v7,843,397.105
lutar.v7,844,449.999
lutar.v7,845,408.626
lutar.v7,846,422.68
lutar.v7,847,387.379
lutar.v7,848,415.096
lutar.v7,849,723.972
lutar.v7,850,572.92
lutar.v7,851,513.029
lutar.v7,852,446.159
lutar.v7,853,462.066
lutar.v7,854,426.398
lutar.v7,855,443.703
lutar.v7,856,465.842
lutar.v7,857,460.136
lutar.v7,858,441.643
lutar.v7,859,427.939
lutar.v7,860,423.391
lutar.v7,861,435.229
lutar.v7,862,459.632
lutar.v7,863,413.689
lutar.v7,864,671.762
lutar.v7,865,626.042
lutar.v7,866,642.896
lutar.v7,867,626.483
lutar.v7,868,1195.282
lutar.v7,869,851.928
lutar.v7,870,778.95
lutar.v7,871,863.606
lutar.v7,872,836.025
lutar.v7,873,889.371
lutar.v7,874,991.939
lutar.v7,875,914.594
lutar.v7,876,706.293
lutar.v7,877,595.134
lutar.v7,878,768.369
lutar.v7,879,710.766
lutar.v7,880,762.728
lutar.v7,881,557.342
lutar.v7,882,537.748
lutar.v7,883,520.926
lutar.v7,884,512.248
lutar.v7,885,562.209
lutar.v7,886,668.439
lutar.v7,887,554.121
lutar.v7,888,582.697
lutar.v7,889,658.011
lutar.v7,890,657.996
lutar.v7,891,632.384
lutar.v7,892,510.1
lutar.v7,893,588.568
lutar.v7,894,519.218
lutar.v7,895,482.785
lutar.v7,896,464.955
lutar.v7,897,536.6
lutar.v7,898,552.113
lutar.v7,899,480.819
lutar.v7,900,480.643
lutar.v7,901,425.189
lutar.v7,902,455.633
lutar.v7,903,430.69
lutar.v7,904,542.13
lutar.v7,905,455.471
lutar.v7,906,460.791
lutar.v7,907,427.066
lutar.v7,908,465.975
lutar.v7,909,430.87
lutar.v7,910,465.797
lutar.v7,911,411.393
lutar.v7,912,445.698
lutar.v7,913,598.112
lutar.v7,914,603.014
lutar.v7,915,534.417
lutar.v7,916,473.208
lutar.v7,917,475.18
lutar.v7,918,518.919
lutar.v7,919,538.108
lutar.v7,920,511.983
lutar.v7,921,547.967
lutar.v7,922,480.4
lutar.v7,923,483.269
lutar.v7,924,694.783
lutar.v7,925,561.137
lutar.v7,926,563.157
lutar.v7,927,458.179
lutar.v7,928,456.582
lutar.v7,929,705.811
lutar.v7,930,519.656
lutar.v7,931,565.15
lutar.v7,932,509.396
lutar.v7,933,566.277
lutar.v7,934,495.837
lutar.v7,935,564.252
lutar.v7,936,512.019
lutar.v7,937,463.762
lutar.v7,938,484.954
lutar.v7,939,449.08
lutar.v7,940,504.585
lutar.v7,941,493.963
lutar.v7,942,483.111
lutar.v7,943,457.362
lutar.v7,944,482.415
lutar.v7,945,440.268
lutar.v7,946,543.765
lutar.v7,947,442.506
lutar.v7,948,461.262
lutar.v7,949,437.08
lutar.v7,950,450.185
lutar.v7,951,421.283
lutar.v7,952,549.771
lutar.v7,953,476.746
lutar.v7,954,549.606
lutar.v7,955,462.767
lutar.v7,956,595.876
lutar.v7,957,460.626
lutar.v7,958,441.356
lutar.v7,959,422.455
lutar.v7,960,425.07
lutar.v7,961,428.737
lutar.v7,962,451.323
lutar.v7,963,416.213
lutar.v7,964,515.804
lutar.v7,965,440.427
lutar.v7,966,665.304
lutar.v7,967,497.519
lutar.v7,968,436.081
lutar.v7,969,452.29
lutar.v7,970,425.525
lutar.v7,971,905.549
lutar.v7,972,615.672
lutar.v7,973,594.956
lutar.v7,974,541.476
lutar.v7,975,489.62
lutar.v7,976,481.087
lutar.v7,977,466.903
lutar.v7,978,512.178
lutar.v7,979,481.467
lutar.v7,980,481.19
lutar.v7,981,481.399
lutar.v7,982,458.645
lutar.v7,983,471.84
lutar.v7,984,447.22
lutar.v7,985,442.911
lutar.v7,986,482.412
lutar.v7,987,454.23
lutar.v7,988,428.586
lutar.v7,989,433.056
lutar.v7,990,451.529
lutar.v7,991,521.803
lutar.v7,992,460.671
lutar.v7,993,437.742
lutar.v7,994,462.323
lutar.v7,995,424.945
lutar.v7,996,433.165
lutar.v7,997,441.135
lutar.v7,998,451.473
lutar.v7,999,436.408
lutar.v8,0,529.502
lutar.v8,1,533.735
lutar.v8,2,519.358
lutar.v8,3,453.973
lutar.v8,4,491.323
lutar.v8,5,452.467
lutar.v8,6,551.355
lutar.v8,7,652.19
lutar.v8,8,743.276
lutar.v8,9,693.299
lutar.v8,10,604.365
lutar.v8,11,504.539
lutar.v8,12,507.293
lutar.v8,13,494.551
lutar.v8,14,521.201
lutar.v8,15,458.415
lutar.v8,16,436.427
lutar.v8,17,455.856
lutar.v8,18,470.237
lutar.v8,19,441.777
lutar.v8,20,466.778
lutar.v8,21,431.031
lutar.v8,22,514.428
lutar.v8,23,436.996
lutar.v8,24,451.847
lutar.v8,25,424.563
lutar.v8,26,460.111
lutar.v8,27,432.283
lutar.v8,28,457.055
lutar.v8,29,447.009
lutar.v8,30,496.629
lutar.v8,31,443.875
lutar.v8,32,435.016
lutar.v8,33,441.716
lutar.v8,34,463.66
lutar.v8,35,416.434
lutar.v8,36,440.201
lutar.v8,37,405.573
lutar.v8,38,430.725
lutar.v8,39,763.673
lutar.v8,40,612.76
lutar.v8,41,538.382
lutar.v8,42,481.874
lutar.v8,43,631.407
lutar.v8,44,524.217
lutar.v8,45,604.347
lutar.v8,46,543.573
lutar.v8,47,493.197
lutar.v8,48,540.826
lutar.v8,49,478.732
lutar.v8,50,479.51
lutar.v8,51,525.598
lutar.v8,52,773.629
lutar.v8,53,714.67
lutar.v8,54,588.23
lutar.v8,55,531.163
lutar.v8,56,553.168
lutar.v8,57,519.707
lutar.v8,58,685.648
lutar.v8,59,535.782
lutar.v8,60,525.982
lutar.v8,61,555.472
lutar.v8,62,456.758
lutar.v8,63,481.024
lutar.v8,64,443.222
lutar.v8,65,523.27
lutar.v8,66,450.438
lutar.v8,67,475.402
lutar.v8,68,442.719
lutar.v8,69,478.743
lutar.v8,70,439.28
lutar.v8,71,470.074
lutar.v8,72,434.85
lutar.v8,73,769.957
lutar.v8,74,547.022
lutar.v8,75,532.041
lutar.v8,76,536.443
lutar.v8,77,548.274
lutar.v8,78,567.124
lutar.v8,79,674.198
lutar.v8,80,576.774
lutar.v8,81,486.303
lutar.v8,82,542.273
lutar.v8,83,560.375
lutar.v8,84,693.953
lutar.v8,85,628.818
lutar.v8,86,588.265
lutar.v8,87,610.021
lutar.v8,88,552.605
lutar.v8,89,503.801
lutar.v8,90,487.959
lutar.v8,91,569.836
lutar.v8,92,738.586
lutar.v8,93,570.646
lutar.v8,94,575.857
lutar.v8,95,536.641
lutar.v8,96,536.394
lutar.v8,97,500.112
lutar.v8,98,599.278
lutar.v8,99,527.124
lutar.v8,100,576.308
lutar.v8,101,532.376
lutar.v8,102,468.51
lutar.v8,103,516.594
lutar.v8,104,463.333
lutar.v8,105,500.085
lutar.v8,106,483.032
lutar.v8,107,483.919
lutar.v8,108,450.094
lutar.v8,109,490.714
lutar.v8,110,463.144
lutar.v8,111,488.263
lutar.v8,112,445.578
lutar.v8,113,582.37
lutar.v8,114,433.892
lutar.v8,115,490.878
lutar.v8,116,455.863
lutar.v8,117,585.382
lutar.v8,118,522.849
lutar.v8,119,470.15
lutar.v8,120,702.957
lutar.v8,121,573.644
lutar.v8,122,517.323
lutar.v8,123,501.113
lutar.v8,124,475.91
lutar.v8,125,576.0
lutar.v8,126,480.353
lutar.v8,127,685.219
lutar.v8,128,692.679
lutar.v8,129,569.905
lutar.v8,130,608.605
lutar.v8,131,685.676
lutar.v8,132,791.888
lutar.v8,133,734.019
lutar.v8,134,600.883
lutar.v8,135,520.767
lutar.v8,136,505.417
lutar.v8,137,524.52
lutar.v8,138,469.241
lutar.v8,139,541.734
lutar.v8,140,483.064
lutar.v8,141,486.882
lutar.v8,142,427.651
lutar.v8,143,490.814
lutar.v8,144,437.37
lutar.v8,145,470.992
lutar.v8,146,433.943
lutar.v8,147,593.869
lutar.v8,148,461.831
lutar.v8,149,479.839
lutar.v8,150,479.36
lutar.v8,151,841.58
lutar.v8,152,650.061
lutar.v8,153,681.33
lutar.v8,154,525.405
lutar.v8,155,545.415
lutar.v8,156,524.469
lutar.v8,157,477.311
lutar.v8,158,512.937
lutar.v8,159,492.225
lutar.v8,160,583.466
lutar.v8,161,482.956
lutar.v8,162,479.431
lutar.v8,163,441.544
lutar.v8,164,493.206
lutar.v8,165,453.171
lutar.v8,166,466.36
lutar.v8,167,438.511
lutar.v8,168,545.973
lutar.v8,169,454.673
lutar.v8,170,475.21
lutar.v8,171,437.045
lutar.v8,172,456.218
lutar.v8,173,449.791
lutar.v8,174,462.041
lutar.v8,175,430.888
lutar.v8,176,502.786
lutar.v8,177,434.652
lutar.v8,178,460.777
lutar.v8,179,426.201
lutar.v8,180,442.969
lutar.v8,181,435.134
lutar.v8,182,447.825
lutar.v8,183,435.884
lutar.v8,184,582.339
lutar.v8,185,459.453
lutar.v8,186,586.013
lutar.v8,187,475.258
lutar.v8,188,536.532
lutar.v8,189,545.308
lutar.v8,190,543.627
lutar.v8,191,537.036
lutar.v8,192,443.321
lutar.v8,193,483.821
lutar.v8,194,449.7
lutar.v8,195,463.802
lutar.v8,196,424.608
lutar.v8,197,457.592
lutar.v8,198,442.482
lutar.v8,199,684.016
lutar.v8,200,642.828
lutar.v8,201,516.259
lutar.v8,202,525.079
lutar.v8,203,512.909
lutar.v8,204,554.158
lutar.v8,205,503.934
lutar.v8,206,505.484
lutar.v8,207,647.766
lutar.v8,208,596.258
lutar.v8,209,597.497
lutar.v8,210,589.078
lutar.v8,211,544.548
lutar.v8,212,774.036
lutar.v8,213,663.788
lutar.v8,214,555.32
lutar.v8,215,596.571
lutar.v8,216,584.948
lutar.v8,217,561.632
lutar.v8,218,717.372
lutar.v8,219,596.901
lutar.v8,220,557.351
lutar.v8,221,581.266
lutar.v8,222,573.932
lutar.v8,223,543.318
lutar.v8,224,951.758
lutar.v8,225,650.938
lutar.v8,226,563.842
lutar.v8,227,523.609
lutar.v8,228,503.818
lutar.v8,229,815.144
lutar.v8,230,640.567
lutar.v8,231,563.931
lutar.v8,232,514.016
lutar.v8,233,540.019
lutar.v8,234,517.18
lutar.v8,235,501.156
lutar.v8,236,504.775
lutar.v8,237,499.296
lutar.v8,238,515.118
lutar.v8,239,451.341
lutar.v8,240,490.994
lutar.v8,241,458.022
lutar.v8,242,515.76
lutar.v8,243,456.142
lutar.v8,244,520.605
lutar.v8,245,465.475
lutar.v8,246,494.005
lutar.v8,247,430.475
lutar.v8,248,435.973
lutar.v8,249,450.438
lutar.v8,250,485.686
lutar.v8,251,434.554
lutar.v8,252,539.714
lutar.v8,253,428.536
lutar.v8,254,460.417
lutar.v8,255,437.934
lutar.v8,256,464.176
lutar.v8,257,422.381
lutar.v8,258,447.471
lutar.v8,259,414.045
lutar.v8,260,453.737
lutar.v8,261,752.273
lutar.v8,262,540.044
lutar.v8,263,537.282
lutar.v8,264,485.385
lutar.v8,265,508.739
lutar.v8,266,463.282
lutar.v8,267,544.059
lutar.v8,268,449.42
lutar.v8,269,453.588
lutar.v8,270,426.525
lutar.v8,271,472.928
lutar.v8,272,424.029
lutar.v8,273,548.834
lutar.v8,274,441.467
lutar.v8,275,488.607
lutar.v8,276,423.637
lutar.v8,277,551.011
lutar.v8,278,445.498
lutar.v8,279,482.204
lutar.v8,280,620.017
lutar.v8,281,494.16
lutar.v8,282,490.449
lutar.v8,283,536.274
lutar.v8,284,534.044
lutar.v8,285,515.099
lutar.v8,286,510.212
lutar.v8,287,471.154
lutar.v8,288,493.149
lutar.v8,289,461.954
lutar.v8,290,511.189
lutar.v8,291,448.057
lutar.v8,292,447.325
lutar.v8,293,544.789
lutar.v8,294,500.681
lutar.v8,295,566.155
lutar.v8,296,472.46
lutar.v8,297,659.928
lutar.v8,298,446.486
lutar.v8,299,468.209
lutar.v8,300,462.492
lutar.v8,301,490.392
lutar.v8,302,421.475
lutar.v8,303,469.833
lutar.v8,304,420.913
lutar.v8,305,519.036
lutar.v8,306,869.907
lutar.v8,307,629.573
lutar.v8,308,571.512
lutar.v8,309,567.694
lutar.v8,310,629.243
lutar.v8,311,615.331
lutar.v8,312,572.753
lutar.v8,313,548.206
lutar.v8,314,529.121
lutar.v8,315,518.766
lutar.v8,316,478.718
lutar.v8,317,507.412
lutar.v8,318,774.497
lutar.v8,319,626.622
lutar.v8,320,578.695
lutar.v8,321,503.449
lutar.v8,322,521.717
lutar.v8,323,484.14
lutar.v8,324,550.236
lutar.v8,325,494.077
lutar.v8,326,564.948
lutar.v8,327,497.761
lutar.v8,328,459.42
lutar.v8,329,499.045
lutar.v8,330,453.682
lutar.v8,331,552.392
lutar.v8,332,578.244
lutar.v8,333,583.206
lutar.v8,334,519.653
lutar.v8,335,486.621
lutar.v8,336,623.138
lutar.v8,337,548.906
lutar.v8,338,572.375
lutar.v8,339,509.281
lutar.v8,340,507.924
lutar.v8,341,640.111
lutar.v8,342,523.418
lutar.v8,343,523.316
lutar.v8,344,512.113
lutar.v8,345,581.774
lutar.v8,346,521.12
lutar.v8,347,486.723
lutar.v8,348,540.24
lutar.v8,349,483.864
lutar.v8,350,498.8
lutar.v8,351,464.843
lutar.v8,352,665.834
lutar.v8,353,654.234
lutar.v8,354,530.479
lutar.v8,355,534.893
lutar.v8,356,614.765
lutar.v8,357,536.188
lutar.v8,358,540.27
lutar.v8,359,588.435
lutar.v8,360,524.197
lutar.v8,361,557.336
lutar.v8,362,633.285
lutar.v8,363,551.397
lutar.v8,364,481.65
lutar.v8,365,566.942
lutar.v8,366,490.075
lutar.v8,367,503.2
lutar.v8,368,505.099
lutar.v8,369,501.325
lutar.v8,370,529.596
lutar.v8,371,532.984
lutar.v8,372,503.887
lutar.v8,373,791.603
lutar.v8,374,573.59
lutar.v8,375,585.567
lutar.v8,376,604.191
lutar.v8,377,664.528
lutar.v8,378,666.09
lutar.v8,379,515.469
lutar.v8,380,548.255
lutar.v8,381,515.819
lutar.v8,382,493.965
lutar.v8,383,723.443
lutar.v8,384,502.23
lutar.v8,385,648.363
lutar.v8,386,534.307
lutar.v8,387,460.151
lutar.v8,388,492.829
lutar.v8,389,453.961
lutar.v8,390,502.425
lutar.v8,391,465.225
lutar.v8,392,555.129
lutar.v8,393,450.71
lutar.v8,394,490.517
lutar.v8,395,456.546
lutar.v8,396,476.413
lutar.v8,397,426.552
lutar.v8,398,458.566
lutar.v8,399,445.713
lutar.v8,400,579.762
lutar.v8,401,563.443
lutar.v8,402,476.191
lutar.v8,403,481.411
lutar.v8,404,446.348
lutar.v8,405,461.619
lutar.v8,406,430.36
lutar.v8,407,471.209
lutar.v8,408,509.491
lutar.v8,409,464.901
lutar.v8,410,428.689
lutar.v8,411,459.237
lutar.v8,412,424.485
lutar.v8,413,456.757
lutar.v8,414,431.882
lutar.v8,415,426.81
lutar.v8,416,629.245
lutar.v8,417,537.468
lutar.v8,418,448.409
lutar.v8,419,503.066
lutar.v8,420,452.946
lutar.v8,421,475.405
lutar.v8,422,434.566
lutar.v8,423,468.032
lutar.v8,424,452.096
lutar.v8,425,520.59
lutar.v8,426,568.336
lutar.v8,427,566.036
lutar.v8,428,526.629
lutar.v8,429,482.876
lutar.v8,430,519.703
lutar.v8,431,475.319
lutar.v8,432,493.073
lutar.v8,433,459.033
lutar.v8,434,453.51
lutar.v8,435,430.459
lutar.v8,436,479.563
lutar.v8,437,449.998
lutar.v8,438,508.151
lutar.v8,439,442.331
lutar.v8,440,488.629
lutar.v8,441,474.021
lutar.v8,442,463.015
lutar.v8,443,442.463
lutar.v8,444,471.179
lutar.v8,445,590.855
lutar.v8,446,740.107
lutar.v8,447,728.979
lutar.v8,448,581.644
lutar.v8,449,562.883
lutar.v8,450,525.535
lutar.v8,451,524.883
lutar.v8,452,713.279
lutar.v8,453,569.735
lutar.v8,454,487.873
lutar.v8,455,508.366
lutar.v8,456,496.638
lutar.v8,457,498.499
lutar.v8,458,479.495
lutar.v8,459,531.563
lutar.v8,460,508.528
lutar.v8,461,833.258
lutar.v8,462,597.347
lutar.v8,463,592.882
lutar.v8,464,507.85
lutar.v8,465,582.077
lutar.v8,466,511.178
lutar.v8,467,487.801
lutar.v8,468,469.496
lutar.v8,469,431.125
lutar.v8,470,563.146
lutar.v8,471,511.948
lutar.v8,472,552.601
lutar.v8,473,472.584
lutar.v8,474,488.202
lutar.v8,475,444.63
lutar.v8,476,476.697
lutar.v8,477,446.403
lutar.v8,478,490.587
lutar.v8,479,448.463
lutar.v8,480,717.907
lutar.v8,481,527.164
lutar.v8,482,464.72
lutar.v8,483,513.29
lutar.v8,484,451.125
lutar.v8,485,585.905
lutar.v8,486,520.602
lutar.v8,487,566.213
lutar.v8,488,484.626
lutar.v8,489,457.01
lutar.v8,490,473.22
lutar.v8,491,453.213
lutar.v8,492,464.491
lutar.v8,493,425.075
lutar.v8,494,456.934
lutar.v8,495,758.836
lutar.v8,496,598.421
lutar.v8,497,556.766
lutar.v8,498,538.605
lutar.v8,499,562.298
lutar.v8,500,583.286
lutar.v8,501,625.004
lutar.v8,502,546.737
lutar.v8,503,460.682
lutar.v8,504,498.294
lutar.v8,505,452.631
lutar.v8,506,475.095
lutar.v8,507,442.378
lutar.v8,508,479.557
lutar.v8,509,433.862
lutar.v8,510,511.881
lutar.v8,511,432.769
lutar.v8,512,466.473
lutar.v8,513,453.151
lutar.v8,514,504.929
lutar.v8,515,431.944
lutar.v8,516,513.476
lutar.v8,517,433.32
lutar.v8,518,518.531
lutar.v8,519,440.101
lutar.v8,520,439.367
lutar.v8,521,474.614
lutar.v8,522,492.686
lutar.v8,523,500.61
lutar.v8,524,527.201
lutar.v8,525,446.099
lutar.v8,526,439.566
lutar.v8,527,435.411
lutar.v8,528,461.162
lutar.v8,529,421.629
lutar.v8,530,441.818
lutar.v8,531,415.447
lutar.v8,532,508.14
lutar.v8,533,444.854
lutar.v8,534,459.894
lutar.v8,535,413.399
lutar.v8,536,451.169
lutar.v8,537,398.13
lutar.v8,538,449.578
lutar.v8,539,850.971
lutar.v8,540,568.425
lutar.v8,541,554.854
lutar.v8,542,485.373
lutar.v8,543,475.219
lutar.v8,544,549.846
lutar.v8,545,497.237
lutar.v8,546,451.895
lutar.v8,547,530.228
lutar.v8,548,469.835
lutar.v8,549,448.484
lutar.v8,550,418.492
lutar.v8,551,443.193
lutar.v8,552,430.662
lutar.v8,553,495.525
lutar.v8,554,433.724
lutar.v8,555,712.367
lutar.v8,556,587.624
lutar.v8,557,488.228
lutar.v8,558,504.864
lutar.v8,559,457.05
lutar.v8,560,524.643
lutar.v8,561,509.327
lutar.v8,562,630.1
lutar.v8,563,602.314
lutar.v8,564,530.139
lutar.v8,565,536.189
lutar.v8,566,501.096
lutar.v8,567,445.74
lutar.v8,568,470.191
lutar.v8,569,656.476
lutar.v8,570,559.943
lutar.v8,571,504.087
lutar.v8,572,530.386
lutar.v8,573,515.357
lutar.v8,574,478.871
lutar.v8,575,665.903
lutar.v8,576,498.345
lutar.v8,577,503.286
lutar.v8,578,463.166
lutar.v8,579,462.017
lutar.v8,580,419.407
lutar.v8,581,460.042
lutar.v8,582,453.108
lutar.v8,583,535.28
lutar.v8,584,511.746
lutar.v8,585,451.162
lutar.v8,586,434.456
lutar.v8,587,438.473
lutar.v8,588,426.901
lutar.v8,589,456.075
lutar.v8,590,434.33
lutar.v8,591,496.579
lutar.v8,592,423.864
lutar.v8,593,447.858
lutar.v8,594,404.472
lutar.v8,595,446.516
lutar.v8,596,406.14
lutar.v8,597,456.912
lutar.v8,598,418.613
lutar.v8,599,443.003
lutar.v8,600,424.811
lutar.v8,601,418.039
lutar.v8,602,405.026
lutar.v8,603,389.873
lutar.v8,604,433.671
lutar.v8,605,452.972
lutar.v8,606,460.131
lutar.v8,607,399.081
lutar.v8,608,595.188
lutar.v8,609,595.988
lutar.v8,610,486.77
lutar.v8,611,513.458
lutar.v8,612,482.956
lutar.v8,613,517.667
lutar.v8,614,484.384
lutar.v8,615,569.055
lutar.v8,616,506.665
lutar.v8,617,1180.887
lutar.v8,618,493.455
lutar.v8,619,516.077
lutar.v8,620,442.828
lutar.v8,621,488.458
lutar.v8,622,451.952
lutar.v8,623,437.911
lutar.v8,624,415.499
lutar.v8,625,478.435
lutar.v8,626,415.606
lutar.v8,627,441.929
lutar.v8,628,408.366
lutar.v8,629,427.749
lutar.v8,630,573.415
lutar.v8,631,445.551
lutar.v8,632,403.46
lutar.v8,633,426.996
lutar.v8,634,414.659
lutar.v8,635,406.35
lutar.v8,636,413.214
lutar.v8,637,406.139
lutar.v8,638,487.945
lutar.v8,639,692.434
lutar.v8,640,506.897
lutar.v8,641,562.217
lutar.v8,642,469.183
lutar.v8,643,516.082
lutar.v8,644,486.43
lutar.v8,645,663.306
lutar.v8,646,539.059
lutar.v8,647,505.474
lutar.v8,648,484.807
lutar.v8,649,507.491
lutar.v8,650,478.654
lutar.v8,651,445.263
lutar.v8,652,531.561
lutar.v8,653,464.206
lutar.v8,654,459.408
lutar.v8,655,474.317
lutar.v8,656,465.429
lutar.v8,657,454.594
lutar.v8,658,503.739
lutar.v8,659,444.067
lutar.v8,660,640.697
lutar.v8,661,664.333
lutar.v8,662,561.756
lutar.v8,663,529.885
lutar.v8,664,478.8
lutar.v8,665,474.327
lutar.v8,666,492.525
lutar.v8,667,480.994
lutar.v8,668,473.462
lutar.v8,669,509.209
lutar.v8,670,467.715
lutar.v8,671,436.809
lutar.v8,672,447.759
lutar.v8,673,428.312
lutar.v8,674,440.625
lutar.v8,675,685.546
lutar.v8,676,632.073
lutar.v8,677,561.412
lutar.v8,678,499.087
lutar.v8,679,494.184
lutar.v8,680,461.753
lutar.v8,681,497.36
lutar.v8,682,501.382
lutar.v8,683,498.41
lutar.v8,684,440.939
lutar.v8,685,463.548
lutar.v8,686,442.478
lutar.v8,687,508.435
lutar.v8,688,439.745
lutar.v8,689,463.213
lutar.v8,690,431.899
lutar.v8,691,466.901
lutar.v8,692,441.574
lutar.v8,693,455.639
lutar.v8,694,420.528
lutar.v8,695,796.721
lutar.v8,696,576.046
lutar.v8,697,538.48
lutar.v8,698,507.888
lutar.v8,699,468.132
lutar.v8,700,544.997
lutar.v8,701,458.408
lutar.v8,702,484.048
lutar.v8,703,435.109
lutar.v8,704,524.316
lutar.v8,705,432.436
lutar.v8,706,472.299
lutar.v8,707,427.342
lutar.v8,708,462.627
lutar.v8,709,424.559
lutar.v8,710,457.721
lutar.v8,711,424.073
lutar.v8,712,504.496
lutar.v8,713,445.151
lutar.v8,714,431.64
lutar.v8,715,426.462
lutar.v8,716,450.83
lutar.v8,717,407.53
lutar.v8,718,447.724
lutar.v8,719,404.31
lutar.v8,720,425.222
lutar.v8,721,587.166
lutar.v8,722,483.665
lutar.v8,723,413.38
lutar.v8,724,431.595
lutar.v8,725,414.607
lutar.v8,726,428.659
lutar.v8,727,390.146
lutar.v8,728,386.308
lutar.v8,729,465.904
lutar.v8,730,402.414
lutar.v8,731,415.593
lutar.v8,732,387.192
lutar.v8,733,435.423
lutar.v8,734,390.988
lutar.v8,735,487.298
lutar.v8,736,475.055
lutar.v8,737,469.63
lutar.v8,738,556.037
lutar.v8,739,427.537
lutar.v8,740,402.291
lutar.v8,741,423.161
lutar.v8,742,395.015
lutar.v8,743,392.664
lutar.v8,744,411.182
lutar.v8,745,398.0
lutar.v8,746,511.857
lutar.v8,747,416.238
lutar.v8,748,445.351
lutar.v8,749,445.262
lutar.v8,750,435.99
lutar.v8,751,412.659
lutar.v8,752,434.446
lutar.v8,753,415.816
lutar.v8,754,432.263
lutar.v8,755,538.858
lutar.v8,756,425.981
lutar.v8,757,381.162
lutar.v8,758,416.784
lutar.v8,759,393.392
lutar.v8,760,390.678
lutar.v8,761,438.649
lutar.v8,762,411.399
lutar.v8,763,487.05
lutar.v8,764,418.522
lutar.v8,765,418.07
lutar.v8,766,395.117
lutar.v8,767,454.105
lutar.v8,768,382.192
lutar.v8,769,418.453
lutar.v8,770,446.9
lutar.v8,771,396.688
lutar.v8,772,482.247
lutar.v8,773,920.135
lutar.v8,774,495.258
lutar.v8,775,423.481
lutar.v8,776,406.041
lutar.v8,777,431.213
lutar.v8,778,415.611
lutar.v8,779,486.515
lutar.v8,780,415.713
lutar.v8,781,443.635
lutar.v8,782,395.722
lutar.v8,783,427.938
lutar.v8,784,396.395
lutar.v8,785,433.697
lutar.v8,786,402.94
lutar.v8,787,386.148
lutar.v8,788,502.637
lutar.v8,789,407.879
lutar.v8,790,421.833
lutar.v8,791,408.617
lutar.v8,792,419.821
lutar.v8,793,383.82
lutar.v8,794,417.311
lutar.v8,795,387.119
lutar.v8,796,421.066
lutar.v8,797,458.3
lutar.v8,798,402.825
lutar.v8,799,419.764
lutar.v8,800,427.26
lutar.v8,801,426.088
lutar.v8,802,413.048
lutar.v8,803,424.614
lutar.v8,804,390.881
lutar.v8,805,422.422
lutar.v8,806,707.978
lutar.v8,807,571.658
lutar.v8,808,502.522
lutar.v8,809,478.156
lutar.v8,810,485.451
lutar.v8,811,433.244
lutar.v8,812,463.86
lutar.v8,813,646.466
lutar.v8,814,586.761
lutar.v8,815,502.678
lutar.v8,816,528.426
lutar.v8,817,498.776
lutar.v8,818,467.577
lutar.v8,819,478.541
lutar.v8,820,631.641
lutar.v8,821,478.524
lutar.v8,822,428.429
lutar.v8,823,452.755
lutar.v8,824,418.996
lutar.v8,825,456.131
lutar.v8,826,421.787
lutar.v8,827,458.876
lutar.v8,828,616.51
lutar.v8,829,576.789
lutar.v8,830,498.674
lutar.v8,831,522.929
lutar.v8,832,517.242
lutar.v8,833,612.165
lutar.v8,834,601.37
lutar.v8,835,673.779
lutar.v8,836,610.833
lutar.v8,837,522.441
lutar.v8,838,489.829
lutar.v8,839,513.166
lutar.v8,840,487.786
lutar.v8,841,699.973
lutar.v8,842,583.137
lutar.v8,843,627.253
lutar.v8,844,562.944
lutar.v8,845,531.421
lutar.v8,846,476.043
lutar.v8,847,572.79
lutar.v8,848,496.865
lutar.v8,849,526.003
lutar.v8,850,483.673
lutar.v8,851,773.327
lutar.v8,852,665.041
lutar.v8,853,547.919
lutar.v8,854,618.356
lutar.v8,855,518.32
lutar.v8,856,499.448
lutar.v8,857,521.885
lutar.v8,858,464.789
lutar.v8,859,466.63
lutar.v8,860,469.912
lutar.v8,861,501.023
lutar.v8,862,465.324
lutar.v8,863,580.723
lutar.v8,864,688.088
lutar.v8,865,649.737
lutar.v8,866,584.966
lutar.v8,867,801.809
lutar.v8,868,598.227
lutar.v8,869,522.328
lutar.v8,870,630.878
lutar.v8,871,572.567
lutar.v8,872,525.346
lutar.v8,873,610.167
lutar.v8,874,559.029
lutar.v8,875,591.264
lutar.v8,876,576.399
lutar.v8,877,520.319
lutar.v8,878,563.146
lutar.v8,879,551.147
lutar.v8,880,610.326
lutar.v8,881,574.472
lutar.v8,882,519.073
lutar.v8,883,589.368
lutar.v8,884,577.395
lutar.v8,885,531.134
lutar.v8,886,624.75
lutar.v8,887,526.68
lutar.v8,888,564.079
lutar.v8,889,573.964
lutar.v8,890,622.385
lutar.v8,891,609.464
lutar.v8,892,591.195
lutar.v8,893,622.104
lutar.v8,894,777.487
lutar.v8,895,843.462
lutar.v8,896,825.687
lutar.v8,897,907.668
lutar.v8,898,806.726
lutar.v8,899,834.653
lutar.v8,900,835.794
lutar.v8,901,753.119
lutar.v8,902,932.244
lutar.v8,903,612.857
lutar.v8,904,597.633
lutar.v8,905,550.823
lutar.v8,906,592.593
lutar.v8,907,600.861
lutar.v8,908,618.693
lutar.v8,909,630.143
lutar.v8,910,601.606
lutar.v8,911,558.65
lutar.v8,912,642.962
lutar.v8,913,575.959
lutar.v8,914,649.592
lutar.v8,915,630.548
lutar.v8,916,555.201
lutar.v8,917,553.662
lutar.v8,918,588.72
lutar.v8,919,542.044
lutar.v8,920,646.869
lutar.v8,921,582.5
lutar.v8,922,576.127
lutar.v8,923,632.829
lutar.v8,924,598.512
lutar.v8,925,563.691
lutar.v8,926,804.922
lutar.v8,927,633.941
lutar.v8,928,926.177
lutar.v8,929,691.661
lutar.v8,930,555.327
lutar.v8,931,684.398
lutar.v8,932,612.534
lutar.v8,933,544.349
lutar.v8,934,585.44
lutar.v8,935,536.837
lutar.v8,936,687.621
lutar.v8,937,607.406
lutar.v8,938,565.293
lutar.v8,939,590.975
lutar.v8,940,582.576
lutar.v8,941,537.417
lutar.v8,942,572.686
lutar.v8,943,540.17
lutar.v8,944,683.879
lutar.v8,945,603.581
lutar.v8,946,598.773
lutar.v8,947,567.434
lutar.v8,948,594.668
lutar.v8,949,554.281
lutar.v8,950,752.72
lutar.v8,951,593.165
lutar.v8,952,535.513
lutar.v8,953,588.018
lutar.v8,954,570.117
lutar.v8,955,530.438
lutar.v8,956,657.447
lutar.v8,957,593.565
lutar.v8,958,539.277
lutar.v8,959,583.216
lutar.v8,960,528.045
lutar.v8,961,567.289
lutar.v8,962,612.262
lutar.v8,963,793.113
lutar.v8,964,551.826
lutar.v8,965,591.27
lutar.v8,966,535.526
lutar.v8,967,575.819
lutar.v8,968,566.028
lutar.v8,969,576.118
lutar.v8,970,576.704
lutar.v8,971,540.1
lutar.v8,972,608.595
lutar.v8,973,592.022
lutar.v8,974,547.001
lutar.v8,975,735.071
lutar.v8,976,580.606
lutar.v8,977,531.115
lutar.v8,978,599.951
lutar.v8,979,540.352
lutar.v8,980,542.578
lutar.v8,981,568.178
lutar.v8,982,686.943
lutar.v8,983,567.186
lutar.v8,984,580.895
lutar.v8,985,547.966
lutar.v8,986,591.202
lutar.v8,987,530.688
lutar.v8,988,592.916
lutar.v8,989,661.871
lutar.v8,990,541.037
lutar.v8,991,589.024
lutar.v8,992,576.458
lutar.v8,993,529.237
lutar.v8,994,683.266
lutar.v8,995,599.411
lutar.v8,996,519.072
lutar.v8,997,601.988
lutar.v8,998,547.677
lutar.v8,999,671.028
lutar.v9,0,564.066
lutar.v9,1,601.085
lutar.v9,2,587.25
lutar.v9,3,692.419
lutar.v9,4,570.945
lutar.v9,5,579.924
lutar.v9,6,537.946
lutar.v9,7,583.83
lutar.v9,8,570.143
lutar.v9,9,643.134
lutar.v9,10,586.305
lutar.v9,11,536.335
lutar.v9,12,577.605
lutar.v9,13,601.602
lutar.v9,14,608.921
lutar.v9,15,744.784
lutar.v9,16,595.701
lutar.v9,17,542.184
lutar.v9,18,593.514
lutar.v9,19,574.402
lutar.v9,20,547.218
lutar.v9,21,718.822
lutar.v9,22,604.019
lutar.v9,23,797.571
lutar.v9,24,603.648
lutar.v9,25,592.55
lutar.v9,26,558.782
lutar.v9,27,768.904
lutar.v9,28,616.71
lutar.v9,29,541.723
lutar.v9,30,543.671
lutar.v9,31,900.491
lutar.v9,32,657.403
lutar.v9,33,581.536
lutar.v9,34,590.907
lutar.v9,35,584.102
lutar.v9,36,560.24
lutar.v9,37,711.916
lutar.v9,38,610.162
lutar.v9,39,596.872
lutar.v9,40,528.709
lutar.v9,41,578.027
lutar.v9,42,529.203
lutar.v9,43,586.9
lutar.v9,44,607.889
lutar.v9,45,602.1
lutar.v9,46,596.436
lutar.v9,47,726.857
lutar.v9,48,555.95
lutar.v9,49,594.621
lutar.v9,50,588.774
lutar.v9,51,689.189
lutar.v9,52,572.29
lutar.v9,53,530.229
lutar.v9,54,532.353
lutar.v9,55,581.421
lutar.v9,56,526.897
lutar.v9,57,617.912
lutar.v9,58,605.08
lutar.v9,59,550.971
lutar.v9,60,580.673
lutar.v9,61,528.666
lutar.v9,62,567.33
lutar.v9,63,623.962
lutar.v9,64,677.069
lutar.v9,65,571.878
lutar.v9,66,577.243
lutar.v9,67,535.063
lutar.v9,68,587.502
lutar.v9,69,558.193
lutar.v9,70,709.32
lutar.v9,71,586.762
lutar.v9,72,531.357
lutar.v9,73,564.909
lutar.v9,74,675.258
lutar.v9,75,559.968
lutar.v9,76,652.87
lutar.v9,77,599.199
lutar.v9,78,546.78
lutar.v9,79,584.696
lutar.v9,80,570.444
lutar.v9,81,566.424
lutar.v9,82,761.304
lutar.v9,83,608.366
lutar.v9,84,578.48
lutar.v9,85,591.555
lutar.v9,86,577.539
lutar.v9,87,544.881
lutar.v9,88,805.466
lutar.v9,89,642.623
lutar.v9,90,566.623
lutar.v9,91,606.478
lutar.v9,92,593.672
lutar.v9,93,534.101
lutar.v9,94,667.002
lutar.v9,95,682.427
lutar.v9,96,578.711
lutar.v9,97,741.202
lutar.v9,98,765.266
lutar.v9,99,1476.215
lutar.v9,100,718.866
lutar.v9,101,641.22
lutar.v9,102,709.964
lutar.v9,103,668.444
lutar.v9,104,685.323
lutar.v9,105,602.562
lutar.v9,106,587.697
lutar.v9,107,946.556
lutar.v9,108,605.587
lutar.v9,109,901.596
lutar.v9,110,725.767
lutar.v9,111,3508.199
lutar.v9,112,790.126
lutar.v9,113,675.282
lutar.v9,114,642.842
lutar.v9,115,559.575
lutar.v9,116,725.152
lutar.v9,117,644.714
lutar.v9,118,566.91
lutar.v9,119,566.333
lutar.v9,120,1477.458
lutar.v9,121,901.07
lutar.v9,122,729.934
lutar.v9,123,620.736
lutar.v9,124,651.689
lutar.v9,125,636.147
lutar.v9,126,635.362
lutar.v9,127,656.059
lutar.v9,128,667.84
lutar.v9,129,588.695
lutar.v9,130,614.763
lutar.v9,131,607.848
lutar.v9,132,706.351
lutar.v9,133,594.596
lutar.v9,134,602.121
lutar.v9,135,551.761
lutar.v9,136,625.394
lutar.v9,137,624.166
lutar.v9,138,643.769
lutar.v9,139,627.509
lutar.v9,140,626.073
lutar.v9,141,641.761
lutar.v9,142,640.94
lutar.v9,143,681.817
lutar.v9,144,593.703
lutar.v9,145,7890.886
lutar.v9,146,788.238
lutar.v9,147,667.338
lutar.v9,148,671.429
lutar.v9,149,590.669
lutar.v9,150,1054.841
lutar.v9,151,919.693
lutar.v9,152,648.875
lutar.v9,153,618.88
lutar.v9,154,609.899
lutar.v9,155,753.812
lutar.v9,156,581.314
lutar.v9,157,607.139
lutar.v9,158,580.055
lutar.v9,159,604.279
lutar.v9,160,591.162
lutar.v9,161,1018.37
lutar.v9,162,548.79
lutar.v9,163,587.361
lutar.v9,164,747.75
lutar.v9,165,594.887
lutar.v9,166,709.883
lutar.v9,167,609.221
lutar.v9,168,559.264
lutar.v9,169,583.856
lutar.v9,170,578.946
lutar.v9,171,534.98
lutar.v9,172,635.321
lutar.v9,173,604.123
lutar.v9,174,562.652
lutar.v9,175,598.41
lutar.v9,176,544.255
lutar.v9,177,573.402
lutar.v9,178,590.422
lutar.v9,179,637.069
lutar.v9,180,590.501
lutar.v9,181,588.903
lutar.v9,182,536.111
lutar.v9,183,981.052
lutar.v9,184,5522.503
lutar.v9,185,829.576
lutar.v9,186,650.433
lutar.v9,187,637.065
lutar.v9,188,755.763
lutar.v9,189,609.124
lutar.v9,190,545.569
lutar.v9,191,870.503
lutar.v9,192,664.21
lutar.v9,193,564.114
lutar.v9,194,617.426
lutar.v9,195,514.959
lutar.v9,196,482.36
lutar.v9,197,508.352
lutar.v9,198,460.185
lutar.v9,199,529.575
lutar.v9,200,456.784
lutar.v9,201,520.252
lutar.v9,202,451.248
lutar.v9,203,490.517
lutar.v9,204,453.694
lutar.v9,205,450.54
lutar.v9,206,447.242
lutar.v9,207,465.618
lutar.v9,208,449.248
lutar.v9,209,501.042
lutar.v9,210,491.373
lutar.v9,211,504.753
lutar.v9,212,528.506
lutar.v9,213,478.757
lutar.v9,214,433.15
lutar.v9,215,438.091
lutar.v9,216,455.818
lutar.v9,217,494.379
lutar.v9,218,709.174
lutar.v9,219,577.632
lutar.v9,220,543.489
lutar.v9,221,533.417
lutar.v9,222,478.695
lutar.v9,223,509.722
lutar.v9,224,597.783
lutar.v9,225,566.776
lutar.v9,226,517.312
lutar.v9,227,485.097
lutar.v9,228,529.5
lutar.v9,229,471.299
lutar.v9,230,469.727
lutar.v9,231,471.894
lutar.v9,232,489.682
lutar.v9,233,455.852
lutar.v9,234,483.983
lutar.v9,235,435.612
lutar.v9,236,535.011
lutar.v9,237,578.553
lutar.v9,238,683.526
lutar.v9,239,587.365
lutar.v9,240,549.229
lutar.v9,241,536.734
lutar.v9,242,476.371
lutar.v9,243,509.091
lutar.v9,244,465.466
lutar.v9,245,709.707
lutar.v9,246,473.888
lutar.v9,247,450.135
lutar.v9,248,548.731
lutar.v9,249,480.391
lutar.v9,250,501.066
lutar.v9,251,448.427
lutar.v9,252,496.309
lutar.v9,253,475.985
lutar.v9,254,456.26
lutar.v9,255,462.975
lutar.v9,256,440.243
lutar.v9,257,495.047
lutar.v9,258,483.295
lutar.v9,259,470.552
lutar.v9,260,523.849
lutar.v9,261,1007.666
lutar.v9,262,551.172
lutar.v9,263,474.22
lutar.v9,264,492.904
lutar.v9,265,461.366
lutar.v9,266,540.143
lutar.v9,267,448.179
lutar.v9,268,481.21
lutar.v9,269,436.023
lutar.v9,270,485.434
lutar.v9,271,436.97
lutar.v9,272,552.381
lutar.v9,273,515.656
lutar.v9,274,500.825
lutar.v9,275,488.869
lutar.v9,276,438.93
lutar.v9,277,462.911
lutar.v9,278,452.058
lutar.v9,279,459.734
lutar.v9,280,447.69
lutar.v9,281,506.054
lutar.v9,282,710.344
lutar.v9,283,486.976
lutar.v9,284,444.49
lutar.v9,285,464.478
lutar.v9,286,435.162
lutar.v9,287,475.675
lutar.v9,288,446.688
lutar.v9,289,485.0
lutar.v9,290,458.863
lutar.v9,291,459.473
lutar.v9,292,436.943
lutar.v9,293,487.17
lutar.v9,294,468.816
lutar.v9,295,458.264
lutar.v9,296,443.819
lutar.v9,297,581.437
lutar.v9,298,610.194
lutar.v9,299,578.943
lutar.v9,300,542.722
lutar.v9,301,533.515
lutar.v9,302,546.75
lutar.v9,303,582.82
lutar.v9,304,552.973
lutar.v9,305,561.979
lutar.v9,306,566.175
lutar.v9,307,526.655
lutar.v9,308,575.129
lutar.v9,309,536.995
lutar.v9,310,619.241
lutar.v9,311,574.545
lutar.v9,312,449.829
lutar.v9,313,479.002
lutar.v9,314,445.522
lutar.v9,315,530.206
lutar.v9,316,474.795
lutar.v9,317,513.13
lutar.v9,318,456.894
lutar.v9,319,477.188
lutar.v9,320,451.631
lutar.v9,321,462.395
lutar.v9,322,436.694
lutar.v9,323,458.708
lutar.v9,324,435.554
lutar.v9,325,568.961
lutar.v9,326,470.657
lutar.v9,327,502.008
lutar.v9,328,449.879
lutar.v9,329,540.341
lutar.v9,330,506.285
lutar.v9,331,456.345
lutar.v9,332,479.96
lutar.v9,333,1065.965
lutar.v9,334,783.88
lutar.v9,335,600.451
lutar.v9,336,565.459
lutar.v9,337,515.611
lutar.v9,338,820.672
lutar.v9,339,504.891
lutar.v9,340,471.661
lutar.v9,341,485.611
lutar.v9,342,484.081
lutar.v9,343,500.497
lutar.v9,344,448.566
lutar.v9,345,530.424
lutar.v9,346,454.182
lutar.v9,347,444.255
lutar.v9,348,455.059
lutar.v9,349,441.958
lutar.v9,350,436.612
lutar.v9,351,447.773
lutar.v9,352,443.915
lutar.v9,353,493.019
lutar.v9,354,469.523
lutar.v9,355,434.007
lutar.v9,356,456.153
lutar.v9,357,437.911
lutar.v9,358,449.704
lutar.v9,359,440.065
lutar.v9,360,439.348
lutar.v9,361,489.175
lutar.v9,362,485.536
lutar.v9,363,440.072
lutar.v9,364,467.964
lutar.v9,365,433.433
lutar.v9,366,438.642
lutar.v9,367,452.212
lutar.v9,368,458.472
lutar.v9,369,502.357
lutar.v9,370,481.151
lutar.v9,371,435.295
lutar.v9,372,465.719
lutar.v9,373,443.37
lutar.v9,374,483.756
lutar.v9,375,435.757
lutar.v9,376,464.03
lutar.v9,377,499.258
lutar.v9,378,488.34
lutar.v9,379,443.422
lutar.v9,380,470.641
lutar.v9,381,433.901
lutar.v9,382,471.535
lutar.v9,383,433.546
lutar.v9,384,464.748
lutar.v9,385,498.753
lutar.v9,386,481.135
lutar.v9,387,442.422
lutar.v9,388,582.661
lutar.v9,389,470.163
lutar.v9,390,470.129
lutar.v9,391,453.934
lutar.v9,392,473.786
lutar.v9,393,1036.909
lutar.v9,394,732.951
lutar.v9,395,576.719
lutar.v9,396,559.612
lutar.v9,397,536.081
lutar.v9,398,1010.361
lutar.v9,399,841.656
lutar.v9,400,636.09
lutar.v9,401,576.335
lutar.v9,402,520.585
lutar.v9,403,559.046
lutar.v9,404,499.577
lutar.v9,405,543.304
lutar.v9,406,506.794
lutar.v9,407,459.427
lutar.v9,408,483.333
lutar.v9,409,457.74
lutar.v9,410,552.945
lutar.v9,411,447.108
lutar.v9,412,469.742
lutar.v9,413,441.249
lutar.v9,414,486.133
lutar.v9,415,1247.69
lutar.v9,416,815.026
lutar.v9,417,649.323
lutar.v9,418,540.709
lutar.v9,419,534.82
lutar.v9,420,492.497
lutar.v9,421,507.005
lutar.v9,422,528.805
lutar.v9,423,608.925
lutar.v9,424,515.622
lutar.v9,425,468.727
lutar.v9,426,558.011
lutar.v9,427,488.651
lutar.v9,428,497.116
lutar.v9,429,512.503
lutar.v9,430,531.968
lutar.v9,431,543.339
lutar.v9,432,466.05
lutar.v9,433,513.149
lutar.v9,434,461.993
lutar.v9,435,482.463
lutar.v9,436,455.354
lutar.v9,437,535.977
lutar.v9,438,470.365
lutar.v9,439,465.679
lutar.v9,440,437.433
lutar.v9,441,471.234
lutar.v9,442,444.202
lutar.v9,443,439.061
lutar.v9,444,440.434
lutar.v9,445,510.159
lutar.v9,446,441.855
lutar.v9,447,457.269
lutar.v9,448,448.804
lutar.v9,449,458.396
lutar.v9,450,431.313
lutar.v9,451,469.15
lutar.v9,452,437.09
lutar.v9,453,572.716
lutar.v9,454,426.963
lutar.v9,455,445.684
lutar.v9,456,423.672
lutar.v9,457,465.06
lutar.v9,458,433.706
lutar.v9,459,452.767
lutar.v9,460,419.344
lutar.v9,461,459.477
lutar.v9,462,1123.315
lutar.v9,463,662.226
lutar.v9,464,560.774
lutar.v9,465,564.369
lutar.v9,466,513.708
lutar.v9,467,561.356
lutar.v9,468,548.04
lutar.v9,469,504.429
lutar.v9,470,536.185
lutar.v9,471,461.429
lutar.v9,472,484.885
lutar.v9,473,451.213
lutar.v9,474,496.452
lutar.v9,475,462.96
lutar.v9,476,494.392
lutar.v9,477,460.626
lutar.v9,478,478.933
lutar.v9,479,453.633
lutar.v9,480,488.982
lutar.v9,481,449.362
lutar.v9,482,563.431
lutar.v9,483,522.272
lutar.v9,484,467.98
lutar.v9,485,482.882
lutar.v9,486,441.518
lutar.v9,487,466.568
lutar.v9,488,439.7
lutar.v9,489,530.033
lutar.v9,490,505.963
lutar.v9,491,546.919
lutar.v9,492,1201.222
lutar.v9,493,677.074
lutar.v9,494,549.238
lutar.v9,495,616.233
lutar.v9,496,612.99
lutar.v9,497,512.493
lutar.v9,498,527.408
lutar.v9,499,505.971
lutar.v9,500,514.145
lutar.v9,501,485.324
lutar.v9,502,995.653
lutar.v9,503,753.501
lutar.v9,504,646.296
lutar.v9,505,579.748
lutar.v9,506,513.55
lutar.v9,507,558.883
lutar.v9,508,507.844
lutar.v9,509,537.751
lutar.v9,510,519.218
lutar.v9,511,461.21
lutar.v9,512,489.666
lutar.v9,513,457.541
lutar.v9,514,505.441
lutar.v9,515,522.352
lutar.v9,516,473.427
lutar.v9,517,446.972
lutar.v9,518,715.455
lutar.v9,519,606.443
lutar.v9,520,511.768
lutar.v9,521,544.847
lutar.v9,522,487.765
lutar.v9,523,555.425
lutar.v9,524,486.687
lutar.v9,525,492.861
lutar.v9,526,464.178
lutar.v9,527,462.006
lutar.v9,528,494.077
lutar.v9,529,562.056
lutar.v9,530,504.962
lutar.v9,531,439.795
lutar.v9,532,462.7
lutar.v9,533,481.483
lutar.v9,534,501.109
lutar.v9,535,447.418
lutar.v9,536,517.188
lutar.v9,537,466.787
lutar.v9,538,472.558
lutar.v9,539,439.132
lutar.v9,540,456.782
lutar.v9,541,422.072
lutar.v9,542,451.059
lutar.v9,543,438.254
lutar.v9,544,452.176
lutar.v9,545,1152.847
lutar.v9,546,683.404
lutar.v9,547,556.828
lutar.v9,548,573.907
lutar.v9,549,557.757
lutar.v9,550,589.291
lutar.v9,551,527.22
lutar.v9,552,484.642
lutar.v9,553,548.823
lutar.v9,554,492.43
lutar.v9,555,508.593
lutar.v9,556,478.306
lutar.v9,557,616.682
lutar.v9,558,501.834
lutar.v9,559,448.107
lutar.v9,560,470.565
lutar.v9,561,455.999
lutar.v9,562,551.675
lutar.v9,563,508.074
lutar.v9,564,641.208
lutar.v9,565,462.535
lutar.v9,566,480.313
lutar.v9,567,464.497
lutar.v9,568,498.202
lutar.v9,569,1171.198
lutar.v9,570,811.364
lutar.v9,571,617.97
lutar.v9,572,514.748
lutar.v9,573,524.402
lutar.v9,574,479.328
lutar.v9,575,506.121
lutar.v9,576,472.212
lutar.v9,577,552.129
lutar.v9,578,475.005
lutar.v9,579,465.676
lutar.v9,580,541.409
lutar.v9,581,435.261
lutar.v9,582,455.916
lutar.v9,583,507.406
lutar.v9,584,525.962
lutar.v9,585,446.591
lutar.v9,586,531.866
lutar.v9,587,430.881
lutar.v9,588,474.342
lutar.v9,589,436.327
lutar.v9,590,438.679
lutar.v9,591,434.609
lutar.v9,592,495.689
lutar.v9,593,433.133
lutar.v9,594,440.641
lutar.v9,595,412.223
lutar.v9,596,437.419
lutar.v9,597,413.151
lutar.v9,598,446.54
lutar.v9,599,426.476
lutar.v9,600,430.166
lutar.v9,601,515.24
lutar.v9,602,460.911
lutar.v9,603,415.161
lutar.v9,604,456.616
lutar.v9,605,418.2
lutar.v9,606,409.081
lutar.v9,607,441.595
lutar.v9,608,412.991
lutar.v9,609,486.627
lutar.v9,610,437.001
lutar.v9,611,443.068
lutar.v9,612,410.539
lutar.v9,613,444.834
lutar.v9,614,413.933
lutar.v9,615,440.059
lutar.v9,616,419.506
lutar.v9,617,431.756
lutar.v9,618,1006.099
lutar.v9,619,735.837
lutar.v9,620,562.412
lutar.v9,621,540.326
lutar.v9,622,496.515
lutar.v9,623,604.118
lutar.v9,624,473.013
lutar.v9,625,485.055
lutar.v9,626,466.133
lutar.v9,627,478.671
lutar.v9,628,451.661
lutar.v9,629,462.811
lutar.v9,630,434.45
lutar.v9,631,576.28
lutar.v9,632,444.971
lutar.v9,633,438.9
lutar.v9,634,435.751
lutar.v9,635,453.064
lutar.v9,636,430.058
lutar.v9,637,454.478
lutar.v9,638,452.637
lutar.v9,639,527.831
lutar.v9,640,434.399
lutar.v9,641,461.534
lutar.v9,642,430.122
lutar.v9,643,455.357
lutar.v9,644,430.115
lutar.v9,645,547.698
lutar.v9,646,733.455
lutar.v9,647,552.429
lutar.v9,648,525.958
lutar.v9,649,476.825
lutar.v9,650,490.462
lutar.v9,651,473.798
lutar.v9,652,480.696
lutar.v9,653,446.306
lutar.v9,654,497.716
lutar.v9,655,438.88
lutar.v9,656,458.775
lutar.v9,657,449.493
lutar.v9,658,467.636
lutar.v9,659,503.16
lutar.v9,660,484.908
lutar.v9,661,446.053
lutar.v9,662,505.41
lutar.v9,663,436.176
lutar.v9,664,431.303
lutar.v9,665,430.232
lutar.v9,666,454.402
lutar.v9,667,425.576
lutar.v9,668,464.818
lutar.v9,669,444.348
lutar.v9,670,526.928
lutar.v9,671,439.957
lutar.v9,672,460.657
lutar.v9,673,528.945
lutar.v9,674,549.605
lutar.v9,675,492.044
lutar.v9,676,452.722
lutar.v9,677,453.315
lutar.v9,678,521.231
lutar.v9,679,490.593
lutar.v9,680,473.914
lutar.v9,681,490.486
lutar.v9,682,461.543
lutar.v9,683,555.899
lutar.v9,684,476.754
lutar.v9,685,546.637
lutar.v9,686,490.306
lutar.v9,687,500.463
lutar.v9,688,443.109
lutar.v9,689,455.13
lutar.v9,690,439.997
lutar.v9,691,456.614
lutar.v9,692,430.914
lutar.v9,693,681.594
lutar.v9,694,962.931
lutar.v9,695,663.19
lutar.v9,696,553.22
lutar.v9,697,542.282
lutar.v9,698,553.919
lutar.v9,699,685.408
lutar.v9,700,674.775
lutar.v9,701,578.368
lutar.v9,702,509.227
lutar.v9,703,527.868
lutar.v9,704,475.609
lutar.v9,705,578.16
lutar.v9,706,543.6
lutar.v9,707,487.465
lutar.v9,708,591.322
lutar.v9,709,475.088
lutar.v9,710,511.461
lutar.v9,711,493.176
lutar.v9,712,546.298
lutar.v9,713,458.967
lutar.v9,714,484.013
lutar.v9,715,441.492
lutar.v9,716,490.946
lutar.v9,717,441.261
lutar.v9,718,478.457
lutar.v9,719,437.258
lutar.v9,720,507.726
lutar.v9,721,454.561
lutar.v9,722,478.663
lutar.v9,723,1117.563
lutar.v9,724,764.014
lutar.v9,725,587.267
lutar.v9,726,859.32
lutar.v9,727,671.351
lutar.v9,728,583.741
lutar.v9,729,540.095
lutar.v9,730,527.307
lutar.v9,731,512.248
lutar.v9,732,570.789
lutar.v9,733,554.247
lutar.v9,734,498.891
lutar.v9,735,501.328
lutar.v9,736,473.361
lutar.v9,737,467.218
lutar.v9,738,491.344
lutar.v9,739,487.732
lutar.v9,740,476.013
lutar.v9,741,445.23
lutar.v9,742,477.021
lutar.v9,743,430.0
lutar.v9,744,465.95
lutar.v9,745,435.593
lutar.v9,746,469.642
lutar.v9,747,546.247
lutar.v9,748,472.372
lutar.v9,749,438.595
lutar.v9,750,466.17
lutar.v9,751,460.591
lutar.v9,752,490.67
lutar.v9,753,482.228
lutar.v9,754,529.759
lutar.v9,755,1086.781
lutar.v9,756,825.997
lutar.v9,757,631.393
lutar.v9,758,543.305
lutar.v9,759,600.238
lutar.v9,760,500.831
lutar.v9,761,532.661
lutar.v9,762,490.603
lutar.v9,763,561.088
lutar.v9,764,532.167
lutar.v9,765,637.355
lutar.v9,766,1038.291
lutar.v9,767,648.916
lutar.v9,768,565.254
lutar.v9,769,499.234
lutar.v9,770,523.708
lutar.v9,771,480.93
lutar.v9,772,528.436
lutar.v9,773,506.0
lutar.v9,774,463.129
lutar.v9,775,469.534
lutar.v9,776,450.961
lutar.v9,777,457.354
lutar.v9,778,456.578
lutar.v9,779,478.632
lutar.v9,780,474.518
lutar.v9,781,466.739
lutar.v9,782,430.344
lutar.v9,783,453.173
lutar.v9,784,421.441
lutar.v9,785,467.06
lutar.v9,786,418.009
lutar.v9,787,424.955
lutar.v9,788,554.697
lutar.v9,789,474.151
lutar.v9,790,420.678
lutar.v9,791,459.884
lutar.v9,792,444.863
lutar.v9,793,465.567
lutar.v9,794,437.462
lutar.v9,795,473.662
lutar.v9,796,484.102
lutar.v9,797,481.701
lutar.v9,798,441.766
lutar.v9,799,509.452
lutar.v9,800,1187.89
lutar.v9,801,758.181
lutar.v9,802,641.174
lutar.v9,803,582.673
lutar.v9,804,554.608
lutar.v9,805,522.05
lutar.v9,806,522.188
lutar.v9,807,484.002
lutar.v9,808,575.102
lutar.v9,809,486.062
lutar.v9,810,496.052
lutar.v9,811,460.275
lutar.v9,812,482.073
lutar.v9,813,469.023
lutar.v9,814,492.119
lutar.v9,815,439.288
lutar.v9,816,597.485
lutar.v9,817,463.49
lutar.v9,818,448.474
lutar.v9,819,466.425
lutar.v9,820,687.412
lutar.v9,821,788.51
lutar.v9,822,703.329
lutar.v9,823,949.646
lutar.v9,824,642.862
lutar.v9,825,565.522
lutar.v9,826,556.139
lutar.v9,827,522.842
lutar.v9,828,962.688
lutar.v9,829,819.553
lutar.v9,830,638.415
lutar.v9,831,542.148
lutar.v9,832,507.417
lutar.v9,833,582.332
lutar.v9,834,517.162
lutar.v9,835,518.924
lutar.v9,836,476.357
lutar.v9,837,499.993
lutar.v9,838,457.151
lutar.v9,839,438.642
lutar.v9,840,439.488
lutar.v9,841,594.376
lutar.v9,842,466.182
lutar.v9,843,436.778
lutar.v9,844,448.457
lutar.v9,845,554.411
lutar.v9,846,624.805
lutar.v9,847,490.856
lutar.v9,848,586.028
lutar.v9,849,526.954
lutar.v9,850,458.809
lutar.v9,851,473.045
lutar.v9,852,458.291
lutar.v9,853,463.436
lutar.v9,854,436.058
lutar.v9,855,432.622
lutar.v9,856,579.003
lutar.v9,857,516.054
lutar.v9,858,462.173
lutar.v9,859,510.523
lutar.v9,860,467.699
lutar.v9,861,504.094
lutar.v9,862,465.101
lutar.v9,863,514.242
lutar.v9,864,438.256
lutar.v9,865,452.446
lutar.v9,866,435.012
lutar.v9,867,470.814
lutar.v9,868,451.354
lutar.v9,869,455.871
lutar.v9,870,426.423
lutar.v9,871,600.059
lutar.v9,872,1006.441
lutar.v9,873,706.31
lutar.v9,874,559.989
lutar.v9,875,548.227
lutar.v9,876,545.853
lutar.v9,877,963.947
lutar.v9,878,520.051
lutar.v9,879,528.771
lutar.v9,880,479.117
lutar.v9,881,501.233
lutar.v9,882,474.551
lutar.v9,883,563.622
lutar.v9,884,483.498
lutar.v9,885,702.369
lutar.v9,886,577.319
lutar.v9,887,505.76
lutar.v9,888,563.463
lutar.v9,889,557.049
lutar.v9,890,581.829
lutar.v9,891,539.823
lutar.v9,892,581.699
lutar.v9,893,554.358
lutar.v9,894,537.383
lutar.v9,895,482.104
lutar.v9,896,505.971
lutar.v9,897,586.663
lutar.v9,898,517.166
lutar.v9,899,491.688
lutar.v9,900,503.121
lutar.v9,901,470.265
lutar.v9,902,504.133
lutar.v9,903,453.058
lutar.v9,904,525.833
lutar.v9,905,546.083
lutar.v9,906,463.603
lutar.v9,907,475.395
lutar.v9,908,478.15
lutar.v9,909,477.681
lutar.v9,910,435.608
lutar.v9,911,465.87
lutar.v9,912,481.181
lutar.v9,913,468.973
lutar.v9,914,427.308
lutar.v9,915,467.195
lutar.v9,916,428.766
lutar.v9,917,461.438
lutar.v9,918,440.551
lutar.v9,919,467.644
lutar.v9,920,476.541
lutar.v9,921,476.024
lutar.v9,922,433.315
lutar.v9,923,461.077
lutar.v9,924,430.788
lutar.v9,925,428.224
lutar.v9,926,428.057
lutar.v9,927,427.802
lutar.v9,928,552.163
lutar.v9,929,737.618
lutar.v9,930,681.91
lutar.v9,931,538.549
lutar.v9,932,539.108
lutar.v9,933,490.596
lutar.v9,934,618.767
lutar.v9,935,1065.358
lutar.v9,936,773.37
lutar.v9,937,637.264
lutar.v9,938,562.816
lutar.v9,939,1012.165
lutar.v9,940,777.176
lutar.v9,941,670.415
lutar.v9,942,568.324
lutar.v9,943,524.905
lutar.v9,944,517.037
lutar.v9,945,526.077
lutar.v9,946,523.005
lutar.v9,947,536.922
lutar.v9,948,515.033
lutar.v9,949,453.118
lutar.v9,950,484.291
lutar.v9,951,437.893
lutar.v9,952,530.005
lutar.v9,953,470.371
lutar.v9,954,745.187
lutar.v9,955,536.276
lutar.v9,956,453.071
lutar.v9,957,477.775
lutar.v9,958,456.955
lutar.v9,959,522.088
lutar.v9,960,493.923
lutar.v9,961,450.976
lutar.v9,962,433.096
lutar.v9,963,429.789
lutar.v9,964,434.302
lutar.v9,965,472.579
lutar.v9,966,429.149
lutar.v9,967,567.643
lutar.v9,968,457.448
lutar.v9,969,435.367
lutar.v9,970,450.059
lutar.v9,971,436.571
lutar.v9,972,431.375
lutar.v9,973,455.337
lutar.v9,974,424.323
lutar.v9,975,523.581
lutar.v9,976,433.483
lutar.v9,977,474.47
lutar.v9,978,433.662
lutar.v9,979,457.9
lutar.v9,980,421.209
lutar.v9,981,457.878
lutar.v9,982,427.294
lutar.v9,983,495.189
lutar.v9,984,435.33
lutar.v9,985,436.62
lutar.v9,986,439.195
lutar.v9,987,452.042
lutar.v9,988,426.278
lutar.v9,989,444.216
lutar.v9,990,424.41
lutar.v9,991,441.149
lutar.v9,992,510.867
lutar.v9,993,449.43
lutar.v9,994,419.737
lutar.v9,995,434.514
lutar.v9,996,411.306
lutar.v9,997,453.806
lutar.v9,998,421.446
lutar.v9,999,439.339
lutar.v10,0,497.523
lutar.v10,1,547.65
lutar.v10,2,493.152
lutar.v10,3,520.597
lutar.v10,4,485.683
lutar.v10,5,1018.929
lutar.v10,6,740.306
lutar.v10,7,610.349
lutar.v10,8,571.975
lutar.v10,9,513.633
lutar.v10,10,587.734
lutar.v10,11,580.914
lutar.v10,12,594.951
lutar.v10,13,558.282
lutar.v10,14,493.765
lutar.v10,15,508.486
lutar.v10,16,484.065
lutar.v10,17,578.691
lutar.v10,18,507.972
lutar.v10,19,469.06
lutar.v10,20,514.2
lutar.v10,21,634.489
lutar.v10,22,565.037
lutar.v10,23,515.917
lutar.v10,24,551.976
lutar.v10,25,572.187
lutar.v10,26,490.444
lutar.v10,27,485.284
lutar.v10,28,510.661
lutar.v10,29,517.329
lutar.v10,30,519.279
lutar.v10,31,1011.274
lutar.v10,32,757.883
lutar.v10,33,603.614
lutar.v10,34,579.122
lutar.v10,35,513.42
lutar.v10,36,599.072
lutar.v10,37,518.849
lutar.v10,38,488.249
lutar.v10,39,513.711
lutar.v10,40,501.596
lutar.v10,41,516.626
lutar.v10,42,471.813
lutar.v10,43,889.343
lutar.v10,44,873.492
lutar.v10,45,648.326
lutar.v10,46,554.066
lutar.v10,47,519.604
lutar.v10,48,587.27
lutar.v10,49,524.008
lutar.v10,50,517.468
lutar.v10,51,509.728
lutar.v10,52,501.947
lutar.v10,53,608.232
lutar.v10,54,494.319
lutar.v10,55,546.283
lutar.v10,56,495.983
lutar.v10,57,509.877
lutar.v10,58,501.406
lutar.v10,59,484.316
lutar.v10,60,489.33
lutar.v10,61,473.145
lutar.v10,62,535.902
lutar.v10,63,487.476
lutar.v10,64,480.632
lutar.v10,65,503.507
lutar.v10,66,486.656
lutar.v10,67,455.539
lutar.v10,68,474.667
lutar.v10,69,460.428
lutar.v10,70,507.995
lutar.v10,71,483.638
lutar.v10,72,867.487
lutar.v10,73,515.533
lutar.v10,74,512.355
lutar.v10,75,473.542
lutar.v10,76,500.714
lutar.v10,77,563.838
lutar.v10,78,507.691
lutar.v10,79,480.46
lutar.v10,80,471.665
lutar.v10,81,444.211
lutar.v10,82,454.999
lutar.v10,83,495.928
lutar.v10,84,1085.792
lutar.v10,85,795.563
lutar.v10,86,598.399
lutar.v10,87,580.237
lutar.v10,88,536.192
lutar.v10,89,542.805
lutar.v10,90,531.683
lutar.v10,91,493.2
lutar.v10,92,523.004
lutar.v10,93,485.87
lutar.v10,94,543.727
lutar.v10,95,543.864
lutar.v10,96,537.944
lutar.v10,97,532.3
lutar.v10,98,484.365
lutar.v10,99,562.138
lutar.v10,100,525.751
lutar.v10,101,546.765
lutar.v10,102,523.533
lutar.v10,103,928.319
lutar.v10,104,742.412
lutar.v10,105,607.1
lutar.v10,106,587.042
lutar.v10,107,517.479
lutar.v10,108,574.077
lutar.v10,109,540.55
lutar.v10,110,513.482
lutar.v10,111,645.847
lutar.v10,112,512.721
lutar.v10,113,514.571
lutar.v10,114,484.707
lutar.v10,115,620.893
lutar.v10,116,534.338
lutar.v10,117,498.373
lutar.v10,118,513.698
lutar.v10,119,466.64
lutar.v10,120,487.014
lutar.v10,121,470.361
lutar.v10,122,543.398
lutar.v10,123,1183.279
lutar.v10,124,719.182
lutar.v10,125,594.981
lutar.v10,126,520.386
lutar.v10,127,603.016
lutar.v10,128,590.036
lutar.v10,129,498.937
lutar.v10,130,537.422
lutar.v10,131,545.345
lutar.v10,132,528.371
lutar.v10,133,500.925
lutar.v10,134,528.854
lutar.v10,135,526.382
lutar.v10,136,476.24
lutar.v10,137,497.475
lutar.v10,138,492.085
lutar.v10,139,485.589
lutar.v10,140,467.714
lutar.v10,141,523.855
lutar.v10,142,474.366
lutar.v10,143,479.309
lutar.v10,144,447.321
lutar.v10,145,479.86
lutar.v10,146,467.46
lutar.v10,147,452.796
lutar.v10,148,476.726
lutar.v10,149,543.091
lutar.v10,150,509.771
lutar.v10,151,469.44
lutar.v10,152,474.586
lutar.v10,153,445.184
lutar.v10,154,472.147
lutar.v10,155,454.607
lutar.v10,156,580.143
lutar.v10,157,990.464
lutar.v10,158,701.894
lutar.v10,159,554.718
lutar.v10,160,540.245
lutar.v10,161,515.738
lutar.v10,162,952.798
lutar.v10,163,698.363
lutar.v10,164,614.433
lutar.v10,165,533.09
lutar.v10,166,509.163
lutar.v10,167,515.37
lutar.v10,168,490.915
lutar.v10,169,510.12
lutar.v10,170,489.547
lutar.v10,171,528.733
lutar.v10,172,529.306
lutar.v10,173,477.065
lutar.v10,174,974.011
lutar.v10,175,570.53
lutar.v10,176,485.357
lutar.v10,177,491.626
lutar.v10,178,450.762
lutar.v10,179,474.914
lutar.v10,180,444.595
lutar.v10,181,528.182
lutar.v10,182,466.047
lutar.v10,183,472.832
lutar.v10,184,449.54
lutar.v10,185,447.793
lutar.v10,186,484.646
lutar.v10,187,451.166
lutar.v10,188,492.583
lutar.v10,189,994.786
lutar.v10,190,758.685
lutar.v10,191,599.824
lutar.v10,192,573.092
lutar.v10,193,513.071
lutar.v10,194,602.176
lutar.v10,195,517.654
lutar.v10,196,497.195
lutar.v10,197,518.122
lutar.v10,198,466.647
lutar.v10,199,508.358
lutar.v10,200,474.991
lutar.v10,201,576.215
lutar.v10,202,500.712
lutar.v10,203,520.079
lutar.v10,204,491.797
lutar.v10,205,454.435
lutar.v10,206,475.655
lutar.v10,207,460.679
lutar.v10,208,485.228
lutar.v10,209,512.168
lutar.v10,210,480.889
lutar.v10,211,433.574
lutar.v10,212,513.552
lutar.v10,213,525.972
lutar.v10,214,489.6
lutar.v10,215,455.923
lutar.v10,216,513.148
lutar.v10,217,457.631
lutar.v10,218,468.354
lutar.v10,219,463.718
lutar.v10,220,441.117
lutar.v10,221,437.892
lutar.v10,222,532.85
lutar.v10,223,511.623
lutar.v10,224,556.147
lutar.v10,225,1122.702
lutar.v10,226,695.699
lutar.v10,227,560.497
lutar.v10,228,525.884
lutar.v10,229,604.924
lutar.v10,230,526.648
lutar.v10,231,487.612
lutar.v10,232,528.512
lutar.v10,233,493.145
lutar.v10,234,542.254
lutar.v10,235,534.305
lutar.v10,236,998.217
lutar.v10,237,769.073
lutar.v10,238,702.444
lutar.v10,239,582.927
lutar.v10,240,534.306
lutar.v10,241,619.76
lutar.v10,242,537.786
lutar.v10,243,484.787
lutar.v10,244,505.116
lutar.v10,245,495.582
lutar.v10,246,511.346
lutar.v10,247,514.276
lutar.v10,248,1016.799
lutar.v10,249,730.365
lutar.v10,250,570.455
lutar.v10,251,554.397
lutar.v10,252,501.234
lutar.v10,253,548.293
lutar.v10,254,484.008
lutar.v10,255,510.926
lutar.v10,256,540.209
lutar.v10,257,470.244
lutar.v10,258,523.758
lutar.v10,259,468.723
lutar.v10,260,488.604
lutar.v10,261,535.092
lutar.v10,262,521.511
lutar.v10,263,479.906
lutar.v10,264,479.324
lutar.v10,265,488.846
lutar.v10,266,444.341
lutar.v10,267,492.552
lutar.v10,268,916.385
lutar.v10,269,753.365
lutar.v10,270,661.095
lutar.v10,271,609.565
lutar.v10,272,529.035
lutar.v10,273,632.045
lutar.v10,274,530.458
lutar.v10,275,487.742
lutar.v10,276,562.651
lutar.v10,277,603.313
lutar.v10,278,534.138
lutar.v10,279,495.203
lutar.v10,280,523.713
lutar.v10,281,523.289
lutar.v10,282,505.909
lutar.v10,283,491.008
lutar.v10,284,477.391
lutar.v10,285,492.99
lutar.v10,286,459.737
lutar.v10,287,585.645
lutar.v10,288,511.947
lutar.v10,289,468.251
lutar.v10,290,494.099
lutar.v10,291,457.712
lutar.v10,292,501.739
lutar.v10,293,456.769
lutar.v10,294,564.14
lutar.v10,295,519.546
lutar.v10,296,509.4
lutar.v10,297,454.799
lutar.v10,298,458.136
lutar.v10,299,527.11
lutar.v10,300,537.669
lutar.v10,301,508.089
lutar.v10,302,1046.258
lutar.v10,303,727.462
lutar.v10,304,822.062
lutar.v10,305,701.097
lutar.v10,306,694.724
lutar.v10,307,632.402
lutar.v10,308,627.763
lutar.v10,309,564.072
lutar.v10,310,983.772
lutar.v10,311,697.474
lutar.v10,312,586.51
lutar.v10,313,546.699
lutar.v10,314,541.508
lutar.v10,315,494.799
lutar.v10,316,496.484
lutar.v10,317,504.002
lutar.v10,318,514.046
lutar.v10,319,543.387
lutar.v10,320,481.747
lutar.v10,321,479.838
lutar.v10,322,474.569
lutar.v10,323,487.87
lutar.v10,324,483.454
lutar.v10,325,544.28
lutar.v10,326,474.466
lutar.v10,327,449.062
lutar.v10,328,493.957
lutar.v10,329,1088.277
lutar.v10,330,845.94
lutar.v10,331,649.938
lutar.v10,332,560.079
lutar.v10,333,546.08
lutar.v10,334,498.112
lutar.v10,335,528.717
lutar.v10,336,502.294
lutar.v10,337,552.658
lutar.v10,338,503.413
lutar.v10,339,478.896
lutar.v10,340,509.958
lutar.v10,341,466.015
lutar.v10,342,497.21
lutar.v10,343,443.759
lutar.v10,344,518.69
lutar.v10,345,528.888
lutar.v10,346,479.013
lutar.v10,347,461.796
lutar.v10,348,469.325
lutar.v10,349,463.395
lutar.v10,350,458.538
lutar.v10,351,439.446
lutar.v10,352,505.236
lutar.v10,353,454.14
lutar.v10,354,474.558
lutar.v10,355,489.279
lutar.v10,356,502.868
lutar.v10,357,463.936
lutar.v10,358,449.219
lutar.v10,359,482.367
lutar.v10,360,524.759
lutar.v10,361,536.862
lutar.v10,362,532.558
lutar.v10,363,522.372
lutar.v10,364,455.473
lutar.v10,365,485.762
lutar.v10,366,516.647
lutar.v10,367,503.793
lutar.v10,368,480.255
lutar.v10,369,445.581
lutar.v10,370,466.345
lutar.v10,371,447.49
lutar.v10,372,498.487
lutar.v10,373,458.468
lutar.v10,374,491.743
lutar.v10,375,531.107
lutar.v10,376,472.497
lutar.v10,377,452.562
lutar.v10,378,473.557
lutar.v10,379,437.174
lutar.v10,380,458.094
lutar.v10,381,842.807
lutar.v10,382,986.486
lutar.v10,383,745.591
lutar.v10,384,577.627
lutar.v10,385,563.837
lutar.v10,386,573.272
lutar.v10,387,594.131
lutar.v10,388,570.779
lutar.v10,389,516.695
lutar.v10,390,500.775
lutar.v10,391,518.724
lutar.v10,392,483.744
lutar.v10,393,520.733
lutar.v10,394,529.764
lutar.v10,395,533.079
lutar.v10,396,485.105
lutar.v10,397,491.686
lutar.v10,398,456.173
lutar.v10,399,489.575
lutar.v10,400,506.043
lutar.v10,401,506.383
lutar.v10,402,478.544
lutar.v10,403,446.458
lutar.v10,404,496.691
lutar.v10,405,548.89
lutar.v10,406,536.791
lutar.v10,407,471.509
lutar.v10,408,592.351
lutar.v10,409,509.461
lutar.v10,410,473.929
lutar.v10,411,477.985
lutar.v10,412,458.295
lutar.v10,413,459.105
lutar.v10,414,447.817
lutar.v10,415,460.486
lutar.v10,416,481.595
lutar.v10,417,470.647
lutar.v10,418,449.582
lutar.v10,419,460.729
lutar.v10,420,438.01
lutar.v10,421,460.704
lutar.v10,422,451.814
lutar.v10,423,468.641
lutar.v10,424,1089.934
lutar.v10,425,752.214
lutar.v10,426,588.039
lutar.v10,427,529.38
lutar.v10,428,515.165
lutar.v10,429,570.428
lutar.v10,430,512.762
lutar.v10,431,471.46
lutar.v10,432,576.136
lutar.v10,433,598.501
lutar.v10,434,535.548
lutar.v10,435,544.155
lutar.v10,436,988.172
lutar.v10,437,749.421
lutar.v10,438,579.542
lutar.v10,439,572.291
lutar.v10,440,521.446
lutar.v10,441,601.587
lutar.v10,442,527.95
lutar.v10,443,487.53
lutar.v10,444,518.371
lutar.v10,445,480.035
lutar.v10,446,507.757
lutar.v10,447,459.252
lutar.v10,448,566.692
lutar.v10,449,573.177
lutar.v10,450,491.687
lutar.v10,451,512.34
lutar.v10,452,534.167
lutar.v10,453,538.877
lutar.v10,454,477.971
lutar.v10,455,534.46
lutar.v10,456,478.838
lutar.v10,457,496.3
lutar.v10,458,445.424
lutar.v10,459,459.937
lutar.v10,460,485.06
lutar.v10,461,458.507
lutar.v10,462,462.761
lutar.v10,463,487.579
lutar.v10,464,556.748
lutar.v10,465,499.8
lutar.v10,466,518.112
lutar.v10,467,462.603
lutar.v10,468,473.268
lutar.v10,469,530.349
lutar.v10,470,708.603
lutar.v10,471,633.129
lutar.v10,472,561.963
lutar.v10,473,580.661
lutar.v10,474,570.268
lutar.v10,475,513.087
lutar.v10,476,759.342
lutar.v10,477,984.494
lutar.v10,478,702.912
lutar.v10,479,592.847
lutar.v10,480,539.87
lutar.v10,481,621.176
lutar.v10,482,493.162
lutar.v10,483,518.588
lutar.v10,484,550.832
lutar.v10,485,642.997
lutar.v10,486,502.655
lutar.v10,487,506.222
lutar.v10,488,622.958
lutar.v10,489,533.328
lutar.v10,490,488.911
lutar.v10,491,517.285
lutar.v10,492,467.139
lutar.v10,493,488.585
lutar.v10,494,456.177
lutar.v10,495,709.899
lutar.v10,496,987.017
lutar.v10,497,967.754
lutar.v10,498,702.937
lutar.v10,499,577.354
lutar.v10,500,591.666
lutar.v10,501,545.629
lutar.v10,502,514.255
lutar.v10,503,518.12
lutar.v10,504,522.216
lutar.v10,505,500.848
lutar.v10,506,530.146
lutar.v10,507,555.209
lutar.v10,508,491.988
lutar.v10,509,464.023
lutar.v10,510,636.113
lutar.v10,511,535.76
lutar.v10,512,529.879
lutar.v10,513,568.805
lutar.v10,514,500.734
lutar.v10,515,519.261
lutar.v10,516,491.394
lutar.v10,517,502.31
lutar.v10,518,497.127
lutar.v10,519,485.606
lutar.v10,520,512.741
lutar.v10,521,528.716
lutar.v10,522,498.451
lutar.v10,523,479.043
lutar.v10,524,517.049
lutar.v10,525,721.984
lutar.v10,526,594.723
lutar.v10,527,622.368
lutar.v10,528,503.412
lutar.v10,529,478.432
lutar.v10,530,517.993
lutar.v10,531,508.609
lutar.v10,532,514.38
lutar.v10,533,462.975
lutar.v10,534,541.717
lutar.v10,535,453.018
lutar.v10,536,535.913
lutar.v10,537,618.117
lutar.v10,538,505.698
lutar.v10,539,515.819
lutar.v10,540,461.896
lutar.v10,541,694.815
lutar.v10,542,1004.354
lutar.v10,543,703.323
lutar.v10,544,603.498
lutar.v10,545,540.234
lutar.v10,546,588.208
lutar.v10,547,515.388
lutar.v10,548,546.56
lutar.v10,549,562.849
lutar.v10,550,532.271
lutar.v10,551,623.343
lutar.v10,552,606.343
lutar.v10,553,990.623
lutar.v10,554,766.135
lutar.v10,555,600.452
lutar.v10,556,575.307
lutar.v10,557,528.605
lutar.v10,558,593.772
lutar.v10,559,520.378
lutar.v10,560,497.926
lutar.v10,561,516.405
lutar.v10,562,464.687
lutar.v10,563,495.026
lutar.v10,564,495.793
lutar.v10,565,536.794
lutar.v10,566,471.875
lutar.v10,567,498.302
lutar.v10,568,454.541
lutar.v10,569,518.906
lutar.v10,570,489.277
lutar.v10,571,495.72
lutar.v10,572,507.578
lutar.v10,573,483.566
lutar.v10,574,454.982
lutar.v10,575,453.93
lutar.v10,576,939.442
lutar.v10,577,750.433
lutar.v10,578,637.896
lutar.v10,579,521.945
lutar.v10,580,543.751
lutar.v10,581,551.882
lutar.v10,582,495.303
lutar.v10,583,521.774
lutar.v10,584,547.819
lutar.v10,585,671.794
lutar.v10,586,516.655
lutar.v10,587,472.002
lutar.v10,588,517.509
lutar.v10,589,636.164
lutar.v10,590,501.237
lutar.v10,591,518.878
lutar.v10,592,542.733
lutar.v10,593,521.124
lutar.v10,594,492.314
lutar.v10,595,479.893
lutar.v10,596,462.477
lutar.v10,597,477.354
lutar.v10,598,444.831
lutar.v10,599,612.499
lutar.v10,600,490.85
lutar.v10,601,455.889
lutar.v10,602,463.495
lutar.v10,603,442.033
lutar.v10,604,504.786
lutar.v10,605,457.468
lutar.v10,606,487.926
lutar.v10,607,536.878
lutar.v10,608,477.351
lutar.v10,609,433.768
lutar.v10,610,466.708
lutar.v10,611,445.951
lutar.v10,612,474.991
lutar.v10,613,451.553
lutar.v10,614,680.439
lutar.v10,615,1010.837
lutar.v10,616,715.926
lutar.v10,617,574.844
lutar.v10,618,525.678
lutar.v10,619,532.336
lutar.v10,620,511.912
lutar.v10,621,526.384
lutar.v10,622,738.441
lutar.v10,623,772.207
lutar.v10,624,644.669
lutar.v10,625,720.265
lutar.v10,626,683.124
lutar.v10,627,826.833
lutar.v10,628,1099.935
lutar.v10,629,864.69
lutar.v10,630,706.725
lutar.v10,631,844.293
lutar.v10,632,737.711
lutar.v10,633,553.457
lutar.v10,634,536.581
lutar.v10,635,518.74
lutar.v10,636,543.033
lutar.v10,637,511.691
lutar.v10,638,663.324
lutar.v10,639,747.363
lutar.v10,640,1232.394
lutar.v10,641,661.878
lutar.v10,642,621.583
lutar.v10,643,670.889
lutar.v10,644,972.123
lutar.v10,645,662.252
lutar.v10,646,628.573
lutar.v10,647,558.313
lutar.v10,648,531.406
lutar.v10,649,587.525
lutar.v10,650,502.95
lutar.v10,651,589.707
lutar.v10,652,521.785
lutar.v10,653,502.652
lutar.v10,654,518.565
lutar.v10,655,498.677
lutar.v10,656,515.89
lutar.v10,657,667.749
lutar.v10,658,861.254
lutar.v10,659,674.401
lutar.v10,660,714.736
lutar.v10,661,655.457
lutar.v10,662,747.585
lutar.v10,663,791.538
lutar.v10,664,592.142
lutar.v10,665,590.238
lutar.v10,666,530.047
lutar.v10,667,563.031
lutar.v10,668,541.55
lutar.v10,669,1119.081
lutar.v10,670,727.586
lutar.v10,671,607.879
lutar.v10,672,537.721
lutar.v10,673,537.776
lutar.v10,674,554.168
lutar.v10,675,534.604
lutar.v10,676,488.111
lutar.v10,677,513.804
lutar.v10,678,485.443
lutar.v10,679,485.578
lutar.v10,680,469.739
lutar.v10,681,579.21
lutar.v10,682,493.662
lutar.v10,683,445.77
lutar.v10,684,481.476
lutar.v10,685,448.947
lutar.v10,686,468.602
lutar.v10,687,459.883
lutar.v10,688,480.877
lutar.v10,689,469.558
lutar.v10,690,512.704
lutar.v10,691,1140.178
lutar.v10,692,814.448
lutar.v10,693,736.973
lutar.v10,694,624.6
lutar.v10,695,538.351
lutar.v10,696,511.203
lutar.v10,697,514.423
lutar.v10,698,524.015
lutar.v10,699,512.699
lutar.v10,700,577.926
lutar.v10,701,527.211
lutar.v10,702,520.732
lutar.v10,703,561.073
lutar.v10,704,500.647
lutar.v10,705,524.513
lutar.v10,706,501.132
lutar.v10,707,631.732
lutar.v10,708,539.644
lutar.v10,709,533.456
lutar.v10,710,521.719
lutar.v10,711,503.764
lutar.v10,712,514.551
lutar.v10,713,484.374
lutar.v10,714,561.017
lutar.v10,715,476.507
lutar.v10,716,499.78
lutar.v10,717,516.795
lutar.v10,718,473.531
lutar.v10,719,483.015
lutar.v10,720,463.183
lutar.v10,721,493.994
lutar.v10,722,548.302
lutar.v10,723,630.621
lutar.v10,724,523.424
lutar.v10,725,494.101
lutar.v10,726,763.454
lutar.v10,727,965.798
lutar.v10,728,765.816
lutar.v10,729,993.308
lutar.v10,730,683.529
lutar.v10,731,562.896
lutar.v10,732,918.939
lutar.v10,733,812.76
lutar.v10,734,660.096
lutar.v10,735,590.509
lutar.v10,736,525.957
lutar.v10,737,571.774
lutar.v10,738,505.699
lutar.v10,739,521.8
lutar.v10,740,489.916
lutar.v10,741,494.944
lutar.v10,742,659.463
lutar.v10,743,512.607
lutar.v10,744,560.949
lutar.v10,745,565.546
lutar.v10,746,583.198
lutar.v10,747,541.036
lutar.v10,748,496.706
lutar.v10,749,558.762
lutar.v10,750,524.528
lutar.v10,751,558.548
lutar.v10,752,522.281
lutar.v10,753,489.263
lutar.v10,754,500.146
lutar.v10,755,463.881
lutar.v10,756,491.043
lutar.v10,757,471.591
lutar.v10,758,545.034
lutar.v10,759,495.198
lutar.v10,760,456.421
lutar.v10,761,471.618
lutar.v10,762,443.753
lutar.v10,763,478.565
lutar.v10,764,449.924
lutar.v10,765,477.522
lutar.v10,766,480.564
lutar.v10,767,471.943
lutar.v10,768,475.737
lutar.v10,769,507.23
lutar.v10,770,461.828
lutar.v10,771,478.708
lutar.v10,772,447.37
lutar.v10,773,704.996
lutar.v10,774,998.745
lutar.v10,775,697.11
lutar.v10,776,550.045
lutar.v10,777,525.612
lutar.v10,778,521.96
lutar.v10,779,581.675
lutar.v10,780,529.191
lutar.v10,781,499.499
lutar.v10,782,519.909
lutar.v10,783,504.768
lutar.v10,784,469.876
lutar.v10,785,497.493
lutar.v10,786,522.137
lutar.v10,787,475.193
lutar.v10,788,464.354
lutar.v10,789,584.628
lutar.v10,790,462.53
lutar.v10,791,477.429
lutar.v10,792,503.285
lutar.v10,793,992.528
lutar.v10,794,477.613
lutar.v10,795,479.403
lutar.v10,796,452.549
lutar.v10,797,468.142
lutar.v10,798,527.705
lutar.v10,799,510.221
lutar.v10,800,475.357
lutar.v10,801,465.27
lutar.v10,802,461.357
lutar.v10,803,509.352
lutar.v10,804,464.696
lutar.v10,805,485.105
lutar.v10,806,529.837
lutar.v10,807,537.214
lutar.v10,808,505.856
lutar.v10,809,474.174
lutar.v10,810,495.289
lutar.v10,811,461.193
lutar.v10,812,502.351
lutar.v10,813,454.058
lutar.v10,814,535.619
lutar.v10,815,438.96
lutar.v10,816,485.655
lutar.v10,817,437.216
lutar.v10,818,468.476
lutar.v10,819,430.14
lutar.v10,820,478.132
lutar.v10,821,443.08
lutar.v10,822,518.949
lutar.v10,823,441.06
lutar.v10,824,471.46
lutar.v10,825,434.456
lutar.v10,826,476.231
lutar.v10,827,435.196
lutar.v10,828,643.679
lutar.v10,829,826.159
lutar.v10,830,670.718
lutar.v10,831,720.508
lutar.v10,832,578.341
lutar.v10,833,615.396
lutar.v10,834,629.448
lutar.v10,835,652.717
lutar.v10,836,635.495
lutar.v10,837,613.116
lutar.v10,838,564.535
lutar.v10,839,612.068
lutar.v10,840,591.38
lutar.v10,841,626.28
lutar.v10,842,699.593
lutar.v10,843,944.402
lutar.v10,844,690.615
lutar.v10,845,548.637
lutar.v10,846,672.652
lutar.v10,847,622.201
lutar.v10,848,602.047
lutar.v10,849,594.922
lutar.v10,850,630.291
lutar.v10,851,659.396
lutar.v10,852,628.24
lutar.v10,853,638.698
lutar.v10,854,623.886
lutar.v10,855,580.564
lutar.v10,856,701.373
lutar.v10,857,695.784
lutar.v10,858,687.354
lutar.v10,859,593.634
lutar.v10,860,632.381
lutar.v10,861,621.819
lutar.v10,862,565.478
lutar.v10,863,885.209
lutar.v10,864,666.751
lutar.v10,865,631.707
lutar.v10,866,575.192
lutar.v10,867,633.218
lutar.v10,868,606.334
lutar.v10,869,606.073
lutar.v10,870,695.236
lutar.v10,871,636.923
lutar.v10,872,574.001
lutar.v10,873,615.304
lutar.v10,874,601.535
lutar.v10,875,692.75
lutar.v10,876,589.303
lutar.v10,877,837.878
lutar.v10,878,861.112
lutar.v10,879,4923.509
lutar.v10,880,3522.086
lutar.v10,881,1555.293
lutar.v10,882,972.453
lutar.v10,883,803.355
lutar.v10,884,748.664
lutar.v10,885,672.532
lutar.v10,886,615.542
lutar.v10,887,703.403
lutar.v10,888,662.392
lutar.v10,889,617.033
lutar.v10,890,641.071
lutar.v10,891,642.694
lutar.v10,892,601.254
lutar.v10,893,606.385
lutar.v10,894,6168.248
lutar.v10,895,1536.174
lutar.v10,896,896.556
lutar.v10,897,1858.133
lutar.v10,898,815.597
lutar.v10,899,701.797
lutar.v10,900,637.239
lutar.v10,901,640.989
lutar.v10,902,612.509
lutar.v10,903,695.584
lutar.v10,904,576.667
lutar.v10,905,581.564
lutar.v10,906,593.34
lutar.v10,907,603.599
lutar.v10,908,640.896
lutar.v10,909,631.449
lutar.v10,910,681.562
lutar.v10,911,592.768
lutar.v10,912,618.512
lutar.v10,913,654.203
lutar.v10,914,603.178
lutar.v10,915,624.298
lutar.v10,916,605.64
lutar.v10,917,623.797
lutar.v10,918,1233.017
lutar.v10,919,915.702
lutar.v10,920,862.933
lutar.v10,921,736.97
lutar.v10,922,751.431
lutar.v10,923,680.332
lutar.v10,924,619.818
lutar.v10,925,635.738
lutar.v10,926,9519.606
lutar.v10,927,1182.328
lutar.v10,928,868.98
lutar.v10,929,1345.45
lutar.v10,930,917.844
lutar.v10,931,726.282
lutar.v10,932,681.985
lutar.v10,933,620.642
lutar.v10,934,1724.197
lutar.v10,935,696.861
lutar.v10,936,625.589
lutar.v10,937,673.693
lutar.v10,938,709.937
lutar.v10,939,713.2
lutar.v10,940,646.662
lutar.v10,941,529.38
lutar.v10,942,543.801
lutar.v10,943,490.927
lutar.v10,944,1236.578
lutar.v10,945,586.954
lutar.v10,946,1268.408
lutar.v10,947,857.55
lutar.v10,948,801.246
lutar.v10,949,644.162
lutar.v10,950,580.264
lutar.v10,951,515.322
lutar.v10,952,530.637
lutar.v10,953,506.681
lutar.v10,954,1388.102
lutar.v10,955,652.133
lutar.v10,956,577.951
lutar.v10,957,578.593
lutar.v10,958,741.216
lutar.v10,959,1057.627
lutar.v10,960,734.272
lutar.v10,961,606.654
lutar.v10,962,640.744
lutar.v10,963,563.896
lutar.v10,964,590.73
lutar.v10,965,574.493
lutar.v10,966,574.16
lutar.v10,967,517.2
lutar.v10,968,559.417
lutar.v10,969,552.605
lutar.v10,970,591.893
lutar.v10,971,612.338
lutar.v10,972,578.036
lutar.v10,973,626.134
lutar.v10,974,612.047
lutar.v10,975,537.194
lutar.v10,976,754.84
lutar.v10,977,590.86
lutar.v10,978,578.635
lutar.v10,979,495.449
lutar.v10,980,588.334
lutar.v10,981,512.083
lutar.v10,982,611.776
lutar.v10,983,545.215
lutar.v10,984,487.543
lutar.v10,985,490.075
lutar.v10,986,488.035
lutar.v10,987,557.47
lutar.v10,988,479.113
lutar.v10,989,583.256
lutar.v10,990,499.147
lutar.v10,991,465.884
lutar.v10,992,655.896
lutar.v10,993,546.271
lutar.v10,994,527.315
lutar.v10,995,619.192
lutar.v10,996,1040.559
lutar.v10,997,812.018
lutar.v10,998,705.524
lutar.v10,999,595.217
lutar.evaluate-all,0,591.842
lutar.evaluate-all,1,542.682
lutar.evaluate-all,2,727.622
lutar.evaluate-all,3,674.909
lutar.evaluate-all,4,674.768
lutar.evaluate-all,5,783.029
lutar.evaluate-all,6,1061.644
lutar.evaluate-all,7,794.837
lutar.evaluate-all,8,887.972
lutar.evaluate-all,9,752.377
lutar.evaluate-all,10,686.059
lutar.evaluate-all,11,617.725
lutar.evaluate-all,12,605.07
lutar.evaluate-all,13,609.314
lutar.evaluate-all,14,587.459
lutar.evaluate-all,15,553.637
lutar.evaluate-all,16,566.519
lutar.evaluate-all,17,535.62
lutar.evaluate-all,18,770.883
lutar.evaluate-all,19,1030.066
lutar.evaluate-all,20,746.443
lutar.evaluate-all,21,773.044
lutar.evaluate-all,22,891.745
lutar.evaluate-all,23,687.888
lutar.evaluate-all,24,582.887
lutar.evaluate-all,25,588.298
lutar.evaluate-all,26,573.669
lutar.evaluate-all,27,581.85
lutar.evaluate-all,28,645.872
lutar.evaluate-all,29,566.542
lutar.evaluate-all,30,541.116
lutar.evaluate-all,31,668.809
lutar.evaluate-all,32,583.637
lutar.evaluate-all,33,1140.14
lutar.evaluate-all,34,750.087
lutar.evaluate-all,35,607.182
lutar.evaluate-all,36,602.436
lutar.evaluate-all,37,549.845
lutar.evaluate-all,38,541.611
lutar.evaluate-all,39,540.647
lutar.evaluate-all,40,587.159
lutar.evaluate-all,41,584.371
lutar.evaluate-all,42,567.421
lutar.evaluate-all,43,552.28
lutar.evaluate-all,44,552.231
lutar.evaluate-all,45,516.562
lutar.evaluate-all,46,578.03
lutar.evaluate-all,47,538.743
lutar.evaluate-all,48,543.895
lutar.evaluate-all,49,543.994
lutar.evaluate-all,50,538.932
lutar.evaluate-all,51,557.011
lutar.evaluate-all,52,532.299
lutar.evaluate-all,53,613.619
lutar.evaluate-all,54,543.123
lutar.evaluate-all,55,525.122
lutar.evaluate-all,56,553.941
lutar.evaluate-all,57,521.942
lutar.evaluate-all,58,562.153
lutar.evaluate-all,59,512.314
lutar.evaluate-all,60,585.293
lutar.evaluate-all,61,555.301
lutar.evaluate-all,62,594.542
lutar.evaluate-all,63,549.433
lutar.evaluate-all,64,513.836
lutar.evaluate-all,65,547.14
lutar.evaluate-all,66,559.797
lutar.evaluate-all,67,597.837
lutar.evaluate-all,68,721.065
lutar.evaluate-all,69,1024.88
lutar.evaluate-all,70,758.565
lutar.evaluate-all,71,640.478
lutar.evaluate-all,72,654.345
lutar.evaluate-all,73,573.403
lutar.evaluate-all,74,573.785
lutar.evaluate-all,75,575.418
lutar.evaluate-all,76,750.018
lutar.evaluate-all,77,593.522
lutar.evaluate-all,78,1063.334
lutar.evaluate-all,79,846.575
lutar.evaluate-all,80,642.62
lutar.evaluate-all,81,603.36
lutar.evaluate-all,82,590.938
lutar.evaluate-all,83,648.978
lutar.evaluate-all,84,550.811
lutar.evaluate-all,85,538.662
lutar.evaluate-all,86,521.652
lutar.evaluate-all,87,534.967
lutar.evaluate-all,88,528.971
lutar.evaluate-all,89,594.583
lutar.evaluate-all,90,513.209
lutar.evaluate-all,91,548.424
lutar.evaluate-all,92,570.38
lutar.evaluate-all,93,521.478
lutar.evaluate-all,94,549.005
lutar.evaluate-all,95,511.912
lutar.evaluate-all,96,615.238
lutar.evaluate-all,97,565.781
lutar.evaluate-all,98,526.021
lutar.evaluate-all,99,586.203
lutar.evaluate-all,100,516.351
lutar.evaluate-all,101,537.893
lutar.evaluate-all,102,528.506
lutar.evaluate-all,103,599.82
lutar.evaluate-all,104,561.107
lutar.evaluate-all,105,528.526
lutar.evaluate-all,106,555.149
lutar.evaluate-all,107,508.123
lutar.evaluate-all,108,604.09
lutar.evaluate-all,109,546.596
lutar.evaluate-all,110,546.049
lutar.evaluate-all,111,554.638
lutar.evaluate-all,112,527.631
lutar.evaluate-all,113,600.649
lutar.evaluate-all,114,573.479
lutar.evaluate-all,115,548.694
lutar.evaluate-all,116,624.352
lutar.evaluate-all,117,543.603
lutar.evaluate-all,118,558.729
lutar.evaluate-all,119,768.627
lutar.evaluate-all,120,603.25
lutar.evaluate-all,121,540.68
lutar.evaluate-all,122,580.101
lutar.evaluate-all,123,1073.648
lutar.evaluate-all,124,766.832
lutar.evaluate-all,125,643.506
lutar.evaluate-all,126,594.901
lutar.evaluate-all,127,666.134
lutar.evaluate-all,128,601.188
lutar.evaluate-all,129,545.544
lutar.evaluate-all,130,555.954
lutar.evaluate-all,131,545.547
lutar.evaluate-all,132,562.912
lutar.evaluate-all,133,536.088
lutar.evaluate-all,134,1057.453
lutar.evaluate-all,135,872.3
lutar.evaluate-all,136,695.012
lutar.evaluate-all,137,633.126
lutar.evaluate-all,138,579.919
lutar.evaluate-all,139,592.379
lutar.evaluate-all,140,569.919
lutar.evaluate-all,141,518.922
lutar.evaluate-all,142,562.505
lutar.evaluate-all,143,541.166
lutar.evaluate-all,144,531.487
lutar.evaluate-all,145,588.932
lutar.evaluate-all,146,515.549
lutar.evaluate-all,147,538.447
lutar.evaluate-all,148,565.823
lutar.evaluate-all,149,519.806
lutar.evaluate-all,150,547.976
lutar.evaluate-all,151,506.281
lutar.evaluate-all,152,593.895
lutar.evaluate-all,153,544.142
lutar.evaluate-all,154,536.73
lutar.evaluate-all,155,534.105
lutar.evaluate-all,156,562.373
lutar.evaluate-all,157,559.713
lutar.evaluate-all,158,528.091
lutar.evaluate-all,159,608.208
lutar.evaluate-all,160,544.505
lutar.evaluate-all,161,540.002
lutar.evaluate-all,162,1275.44
lutar.evaluate-all,163,810.789
lutar.evaluate-all,164,1065.905
lutar.evaluate-all,165,764.795
lutar.evaluate-all,166,660.064
lutar.evaluate-all,167,615.048
lutar.evaluate-all,168,552.011
lutar.evaluate-all,169,633.969
lutar.evaluate-all,170,608.625
lutar.evaluate-all,171,582.006
lutar.evaluate-all,172,552.001
lutar.evaluate-all,173,525.751
lutar.evaluate-all,174,520.67
lutar.evaluate-all,175,530.863
lutar.evaluate-all,176,554.756
lutar.evaluate-all,177,568.999
lutar.evaluate-all,178,520.633
lutar.evaluate-all,179,539.006
lutar.evaluate-all,180,542.924
lutar.evaluate-all,181,515.476
lutar.evaluate-all,182,550.903
lutar.evaluate-all,183,647.293
lutar.evaluate-all,184,578.138
lutar.evaluate-all,185,566.128
lutar.evaluate-all,186,552.91
lutar.evaluate-all,187,569.988
lutar.evaluate-all,188,544.911
lutar.evaluate-all,189,612.653
lutar.evaluate-all,190,593.174
lutar.evaluate-all,191,632.124
lutar.evaluate-all,192,651.315
lutar.evaluate-all,193,655.122
lutar.evaluate-all,194,614.782
lutar.evaluate-all,195,711.523
lutar.evaluate-all,196,612.41
lutar.evaluate-all,197,629.087
lutar.evaluate-all,198,813.3
lutar.evaluate-all,199,732.178
lutar.evaluate-all,200,776.378
lutar.evaluate-all,201,710.212
lutar.evaluate-all,202,674.761
lutar.evaluate-all,203,653.526
lutar.evaluate-all,204,651.99
lutar.evaluate-all,205,830.192
lutar.evaluate-all,206,687.243
lutar.evaluate-all,207,610.916
lutar.evaluate-all,208,593.258
lutar.evaluate-all,209,564.051
lutar.evaluate-all,210,534.489
lutar.evaluate-all,211,616.495
lutar.evaluate-all,212,562.375
lutar.evaluate-all,213,555.833
lutar.evaluate-all,214,604.408
lutar.evaluate-all,215,515.745
lutar.evaluate-all,216,514.555
lutar.evaluate-all,217,507.024
lutar.evaluate-all,218,593.987
lutar.evaluate-all,219,522.474
lutar.evaluate-all,220,506.749
lutar.evaluate-all,221,551.038
lutar.evaluate-all,222,505.523
lutar.evaluate-all,223,523.436
lutar.evaluate-all,224,514.661
lutar.evaluate-all,225,589.028
lutar.evaluate-all,226,538.897
lutar.evaluate-all,227,515.789
lutar.evaluate-all,228,556.686
lutar.evaluate-all,229,497.483
lutar.evaluate-all,230,535.256
lutar.evaluate-all,231,514.998
lutar.evaluate-all,232,570.237
lutar.evaluate-all,233,600.291
lutar.evaluate-all,234,566.176
lutar.evaluate-all,235,553.48
lutar.evaluate-all,236,514.213
lutar.evaluate-all,237,560.625
lutar.evaluate-all,238,539.921
lutar.evaluate-all,239,619.379
lutar.evaluate-all,240,562.054
lutar.evaluate-all,241,547.203
lutar.evaluate-all,242,524.283
lutar.evaluate-all,243,521.358
lutar.evaluate-all,244,524.84
lutar.evaluate-all,245,580.111
lutar.evaluate-all,246,511.513
lutar.evaluate-all,247,533.591
lutar.evaluate-all,248,1244.275
lutar.evaluate-all,249,771.084
lutar.evaluate-all,250,712.797
lutar.evaluate-all,251,632.946
lutar.evaluate-all,252,622.258
lutar.evaluate-all,253,619.954
lutar.evaluate-all,254,552.122
lutar.evaluate-all,255,580.785
lutar.evaluate-all,256,549.661
lutar.evaluate-all,257,588.028
lutar.evaluate-all,258,572.516
lutar.evaluate-all,259,533.116
lutar.evaluate-all,260,533.307
lutar.evaluate-all,261,564.467
lutar.evaluate-all,262,530.936
lutar.evaluate-all,263,658.972
lutar.evaluate-all,264,592.922
lutar.evaluate-all,265,538.786
lutar.evaluate-all,266,570.596
lutar.evaluate-all,267,538.54
lutar.evaluate-all,268,571.384
lutar.evaluate-all,269,561.925
lutar.evaluate-all,270,1107.455
lutar.evaluate-all,271,854.743
lutar.evaluate-all,272,665.301
lutar.evaluate-all,273,592.23
lutar.evaluate-all,274,565.045
lutar.evaluate-all,275,613.957
lutar.evaluate-all,276,547.41
lutar.evaluate-all,277,525.132
lutar.evaluate-all,278,572.759
lutar.evaluate-all,279,581.826
lutar.evaluate-all,280,527.945
lutar.evaluate-all,281,604.098
lutar.evaluate-all,282,591.781
lutar.evaluate-all,283,544.239
lutar.evaluate-all,284,561.483
lutar.evaluate-all,285,517.038
lutar.evaluate-all,286,549.52
lutar.evaluate-all,287,532.3
lutar.evaluate-all,288,586.434
lutar.evaluate-all,289,526.431
lutar.evaluate-all,290,525.007
lutar.evaluate-all,291,1269.063
lutar.evaluate-all,292,810.021
lutar.evaluate-all,293,753.395
lutar.evaluate-all,294,652.15
lutar.evaluate-all,295,584.048
lutar.evaluate-all,296,599.204
lutar.evaluate-all,297,595.111
lutar.evaluate-all,298,600.256
lutar.evaluate-all,299,602.326
lutar.evaluate-all,300,560.218
lutar.evaluate-all,301,534.607
lutar.evaluate-all,302,539.141
lutar.evaluate-all,303,537.811
lutar.evaluate-all,304,542.177
lutar.evaluate-all,305,541.53
lutar.evaluate-all,306,571.068
lutar.evaluate-all,307,593.272
lutar.evaluate-all,308,578.62
lutar.evaluate-all,309,544.041
lutar.evaluate-all,310,560.642
lutar.evaluate-all,311,537.689
lutar.evaluate-all,312,681.707
lutar.evaluate-all,313,566.912
lutar.evaluate-all,314,546.049
lutar.evaluate-all,315,556.248
lutar.evaluate-all,316,532.918
lutar.evaluate-all,317,569.886
lutar.evaluate-all,318,560.153
lutar.evaluate-all,319,569.78
lutar.evaluate-all,320,556.868
lutar.evaluate-all,321,537.154
lutar.evaluate-all,322,579.864
lutar.evaluate-all,323,547.95
lutar.evaluate-all,324,530.76
lutar.evaluate-all,325,544.546
lutar.evaluate-all,326,620.785
lutar.evaluate-all,327,556.47
lutar.evaluate-all,328,542.221
lutar.evaluate-all,329,526.158
lutar.evaluate-all,330,550.882
lutar.evaluate-all,331,515.686
lutar.evaluate-all,332,783.912
lutar.evaluate-all,333,1064.955
lutar.evaluate-all,334,997.397
lutar.evaluate-all,335,679.334
lutar.evaluate-all,336,651.773
lutar.evaluate-all,337,726.517
lutar.evaluate-all,338,633.529
lutar.evaluate-all,339,619.288
lutar.evaluate-all,340,611.744
lutar.evaluate-all,341,569.619
lutar.evaluate-all,342,635.25
lutar.evaluate-all,343,624.246
lutar.evaluate-all,344,558.962
lutar.evaluate-all,345,581.761
lutar.evaluate-all,346,542.184
lutar.evaluate-all,347,554.35
lutar.evaluate-all,348,567.199
lutar.evaluate-all,349,604.825
lutar.evaluate-all,350,582.884
lutar.evaluate-all,351,570.897
lutar.evaluate-all,352,535.586
lutar.evaluate-all,353,556.713
lutar.evaluate-all,354,534.014
lutar.evaluate-all,355,692.273
lutar.evaluate-all,356,588.741
lutar.evaluate-all,357,561.022
lutar.evaluate-all,358,553.044
lutar.evaluate-all,359,541.615
lutar.evaluate-all,360,549.237
lutar.evaluate-all,361,525.543
lutar.evaluate-all,362,591.386
lutar.evaluate-all,363,556.51
lutar.evaluate-all,364,637.095
lutar.evaluate-all,365,532.995
lutar.evaluate-all,366,550.646
lutar.evaluate-all,367,545.477
lutar.evaluate-all,368,742.151
lutar.evaluate-all,369,1037.766
lutar.evaluate-all,370,781.28
lutar.evaluate-all,371,642.986
lutar.evaluate-all,372,643.908
lutar.evaluate-all,373,632.019
lutar.evaluate-all,374,571.719
lutar.evaluate-all,375,567.313
lutar.evaluate-all,376,635.702
lutar.evaluate-all,377,1245.199
lutar.evaluate-all,378,909.939
lutar.evaluate-all,379,818.174
lutar.evaluate-all,380,718.495
lutar.evaluate-all,381,626.425
lutar.evaluate-all,382,654.532
lutar.evaluate-all,383,685.601
lutar.evaluate-all,384,685.173
lutar.evaluate-all,385,647.573
lutar.evaluate-all,386,625.948
lutar.evaluate-all,387,590.277
lutar.evaluate-all,388,559.808
lutar.evaluate-all,389,619.132
lutar.evaluate-all,390,671.312
lutar.evaluate-all,391,582.215
lutar.evaluate-all,392,577.18
lutar.evaluate-all,393,605.432
lutar.evaluate-all,394,617.78
lutar.evaluate-all,395,1165.067
lutar.evaluate-all,396,836.274
lutar.evaluate-all,397,643.474
lutar.evaluate-all,398,622.433
lutar.evaluate-all,399,644.579
lutar.evaluate-all,400,675.292
lutar.evaluate-all,401,650.85
lutar.evaluate-all,402,654.337
lutar.evaluate-all,403,571.191
lutar.evaluate-all,404,738.039
lutar.evaluate-all,405,734.065
lutar.evaluate-all,406,722.708
lutar.evaluate-all,407,602.312
lutar.evaluate-all,408,634.006
lutar.evaluate-all,409,616.822
lutar.evaluate-all,410,856.031
lutar.evaluate-all,411,1123.452
lutar.evaluate-all,412,994.415
lutar.evaluate-all,413,897.392
lutar.evaluate-all,414,796.594
lutar.evaluate-all,415,772.989
lutar.evaluate-all,416,838.557
lutar.evaluate-all,417,651.879
lutar.evaluate-all,418,618.495
lutar.evaluate-all,419,613.725
lutar.evaluate-all,420,1368.543
lutar.evaluate-all,421,790.62
lutar.evaluate-all,422,819.933
lutar.evaluate-all,423,731.965
lutar.evaluate-all,424,674.516
lutar.evaluate-all,425,650.948
lutar.evaluate-all,426,656.662
lutar.evaluate-all,427,584.053
lutar.evaluate-all,428,587.418
lutar.evaluate-all,429,635.684
lutar.evaluate-all,430,1050.76
lutar.evaluate-all,431,850.739
lutar.evaluate-all,432,776.73
lutar.evaluate-all,433,705.738
lutar.evaluate-all,434,696.151
lutar.evaluate-all,435,609.312
lutar.evaluate-all,436,647.268
lutar.evaluate-all,437,718.23
lutar.evaluate-all,438,657.477
lutar.evaluate-all,439,693.11
lutar.evaluate-all,440,600.637
lutar.evaluate-all,441,645.483
lutar.evaluate-all,442,653.736
lutar.evaluate-all,443,875.618
lutar.evaluate-all,444,761.893
lutar.evaluate-all,445,730.509
lutar.evaluate-all,446,676.477
lutar.evaluate-all,447,637.527
lutar.evaluate-all,448,579.657
lutar.evaluate-all,449,610.73
lutar.evaluate-all,450,563.845
lutar.evaluate-all,451,669.166
lutar.evaluate-all,452,652.291
lutar.evaluate-all,453,639.063
lutar.evaluate-all,454,639.784
lutar.evaluate-all,455,618.489
lutar.evaluate-all,456,635.937
lutar.evaluate-all,457,703.159
lutar.evaluate-all,458,632.417
lutar.evaluate-all,459,632.963
lutar.evaluate-all,460,591.351
lutar.evaluate-all,461,645.735
lutar.evaluate-all,462,649.454
lutar.evaluate-all,463,718.171
lutar.evaluate-all,464,696.425
lutar.evaluate-all,465,755.792
lutar.evaluate-all,466,650.812
lutar.evaluate-all,467,585.16
lutar.evaluate-all,468,660.359
lutar.evaluate-all,469,671.117
lutar.evaluate-all,470,692.557
lutar.evaluate-all,471,581.363
lutar.evaluate-all,472,632.611
lutar.evaluate-all,473,596.225
lutar.evaluate-all,474,676.214
lutar.evaluate-all,475,590.12
lutar.evaluate-all,476,594.589
lutar.evaluate-all,477,551.698
lutar.evaluate-all,478,584.477
lutar.evaluate-all,479,545.08
lutar.evaluate-all,480,618.815
lutar.evaluate-all,481,658.559
lutar.evaluate-all,482,659.197
lutar.evaluate-all,483,628.756
lutar.evaluate-all,484,617.481
lutar.evaluate-all,485,558.746
lutar.evaluate-all,486,619.277
lutar.evaluate-all,487,545.286
lutar.evaluate-all,488,635.28
lutar.evaluate-all,489,636.934
lutar.evaluate-all,490,580.367
lutar.evaluate-all,491,566.125
lutar.evaluate-all,492,805.333
lutar.evaluate-all,493,1041.855
lutar.evaluate-all,494,743.527
lutar.evaluate-all,495,643.676
lutar.evaluate-all,496,661.205
lutar.evaluate-all,497,756.947
lutar.evaluate-all,498,631.281
lutar.evaluate-all,499,658.388
lutar.evaluate-all,500,564.084
lutar.evaluate-all,501,571.869
lutar.evaluate-all,502,551.388
lutar.evaluate-all,503,1123.703
lutar.evaluate-all,504,866.825
lutar.evaluate-all,505,748.317
lutar.evaluate-all,506,696.321
lutar.evaluate-all,507,610.129
lutar.evaluate-all,508,559.253
lutar.evaluate-all,509,579.85
lutar.evaluate-all,510,713.28
lutar.evaluate-all,511,990.718
lutar.evaluate-all,512,744.522
lutar.evaluate-all,513,684.962
lutar.evaluate-all,514,633.905
lutar.evaluate-all,515,611.619
lutar.evaluate-all,516,557.764
lutar.evaluate-all,517,586.224
lutar.evaluate-all,518,658.467
lutar.evaluate-all,519,674.634
lutar.evaluate-all,520,779.372
lutar.evaluate-all,521,701.042
lutar.evaluate-all,522,719.886
lutar.evaluate-all,523,647.448
lutar.evaluate-all,524,739.772
lutar.evaluate-all,525,695.031
lutar.evaluate-all,526,693.934
lutar.evaluate-all,527,614.99
lutar.evaluate-all,528,577.825
lutar.evaluate-all,529,603.435
lutar.evaluate-all,530,632.346
lutar.evaluate-all,531,575.578
lutar.evaluate-all,532,526.175
lutar.evaluate-all,533,575.366
lutar.evaluate-all,534,599.379
lutar.evaluate-all,535,639.15
lutar.evaluate-all,536,582.405
lutar.evaluate-all,537,640.206
lutar.evaluate-all,538,550.462
lutar.evaluate-all,539,557.176
lutar.evaluate-all,540,513.851
lutar.evaluate-all,541,544.093
lutar.evaluate-all,542,724.248
lutar.evaluate-all,543,1186.999
lutar.evaluate-all,544,847.723
lutar.evaluate-all,545,704.626
lutar.evaluate-all,546,682.745
lutar.evaluate-all,547,737.58
lutar.evaluate-all,548,1259.135
lutar.evaluate-all,549,660.031
lutar.evaluate-all,550,728.357
lutar.evaluate-all,551,631.001
lutar.evaluate-all,552,620.229
lutar.evaluate-all,553,591.426
lutar.evaluate-all,554,623.865
lutar.evaluate-all,555,555.286
lutar.evaluate-all,556,643.085
lutar.evaluate-all,557,558.64
lutar.evaluate-all,558,584.235
lutar.evaluate-all,559,590.777
lutar.evaluate-all,560,571.919
lutar.evaluate-all,561,657.32
lutar.evaluate-all,562,650.348
lutar.evaluate-all,563,556.922
lutar.evaluate-all,564,633.281
lutar.evaluate-all,565,629.818
lutar.evaluate-all,566,631.138
lutar.evaluate-all,567,613.779
lutar.evaluate-all,568,646.543
lutar.evaluate-all,569,579.73
lutar.evaluate-all,570,639.337
lutar.evaluate-all,571,599.865
lutar.evaluate-all,572,561.758
lutar.evaluate-all,573,576.081
lutar.evaluate-all,574,607.46
lutar.evaluate-all,575,569.649
lutar.evaluate-all,576,789.211
lutar.evaluate-all,577,1290.154
lutar.evaluate-all,578,996.359
lutar.evaluate-all,579,783.514
lutar.evaluate-all,580,922.252
lutar.evaluate-all,581,792.06
lutar.evaluate-all,582,777.48
lutar.evaluate-all,583,767.883
lutar.evaluate-all,584,751.762
lutar.evaluate-all,585,1152.878
lutar.evaluate-all,586,1018.197
lutar.evaluate-all,587,856.925
lutar.evaluate-all,588,747.074
lutar.evaluate-all,589,755.674
lutar.evaluate-all,590,739.401
lutar.evaluate-all,591,746.961
lutar.evaluate-all,592,799.912
lutar.evaluate-all,593,887.168
lutar.evaluate-all,594,1214.108
lutar.evaluate-all,595,931.595
lutar.evaluate-all,596,802.923
lutar.evaluate-all,597,843.603
lutar.evaluate-all,598,786.486
lutar.evaluate-all,599,769.962
lutar.evaluate-all,600,757.789
lutar.evaluate-all,601,695.67
lutar.evaluate-all,602,802.7
lutar.evaluate-all,603,763.697
lutar.evaluate-all,604,766.125
lutar.evaluate-all,605,689.089
lutar.evaluate-all,606,665.466
lutar.evaluate-all,607,869.322
lutar.evaluate-all,608,761.993
lutar.evaluate-all,609,737.662
lutar.evaluate-all,610,691.273
lutar.evaluate-all,611,725.3
lutar.evaluate-all,612,784.979
lutar.evaluate-all,613,742.085
lutar.evaluate-all,614,723.713
lutar.evaluate-all,615,690.453
lutar.evaluate-all,616,721.768
lutar.evaluate-all,617,800.729
lutar.evaluate-all,618,736.308
lutar.evaluate-all,619,685.883
lutar.evaluate-all,620,754.948
lutar.evaluate-all,621,731.67
lutar.evaluate-all,622,780.494
lutar.evaluate-all,623,757.908
lutar.evaluate-all,624,718.071
lutar.evaluate-all,625,728.083
lutar.evaluate-all,626,727.429
lutar.evaluate-all,627,721.232
lutar.evaluate-all,628,733.481
lutar.evaluate-all,629,698.668
lutar.evaluate-all,630,723.566
lutar.evaluate-all,631,722.366
lutar.evaluate-all,632,678.801
lutar.evaluate-all,633,680.203
lutar.evaluate-all,634,605.338
lutar.evaluate-all,635,1223.742
lutar.evaluate-all,636,872.644
lutar.evaluate-all,637,716.355
lutar.evaluate-all,638,587.914
lutar.evaluate-all,639,645.756
lutar.evaluate-all,640,702.982
lutar.evaluate-all,641,742.742
lutar.evaluate-all,642,758.03
lutar.evaluate-all,643,757.51
lutar.evaluate-all,644,717.205
lutar.evaluate-all,645,691.855
lutar.evaluate-all,646,696.713
lutar.evaluate-all,647,685.247
lutar.evaluate-all,648,763.811
lutar.evaluate-all,649,729.181
lutar.evaluate-all,650,786.289
lutar.evaluate-all,651,720.106
lutar.evaluate-all,652,735.881
lutar.evaluate-all,653,734.069
lutar.evaluate-all,654,739.557
lutar.evaluate-all,655,713.446
lutar.evaluate-all,656,698.186
lutar.evaluate-all,657,685.166
lutar.evaluate-all,658,787.848
lutar.evaluate-all,659,711.189
lutar.evaluate-all,660,732.069
lutar.evaluate-all,661,704.155
lutar.evaluate-all,662,690.215
lutar.evaluate-all,663,919.391
lutar.evaluate-all,664,728.785
lutar.evaluate-all,665,727.26
lutar.evaluate-all,666,727.035
lutar.evaluate-all,667,729.833
lutar.evaluate-all,668,759.81
lutar.evaluate-all,669,683.846
lutar.evaluate-all,670,735.099
lutar.evaluate-all,671,717.219
lutar.evaluate-all,672,746.417
lutar.evaluate-all,673,840.719
lutar.evaluate-all,674,713.753
lutar.evaluate-all,675,735.894
lutar.evaluate-all,676,721.538
lutar.evaluate-all,677,711.926
lutar.evaluate-all,678,790.381
lutar.evaluate-all,679,710.143
lutar.evaluate-all,680,707.231
lutar.evaluate-all,681,741.047
lutar.evaluate-all,682,770.233
lutar.evaluate-all,683,749.839
lutar.evaluate-all,684,754.555
lutar.evaluate-all,685,734.811
lutar.evaluate-all,686,759.227
lutar.evaluate-all,687,772.092
lutar.evaluate-all,688,736.464
lutar.evaluate-all,689,738.685
lutar.evaluate-all,690,695.832
lutar.evaluate-all,691,713.569
lutar.evaluate-all,692,881.995
lutar.evaluate-all,693,734.517
lutar.evaluate-all,694,698.832
lutar.evaluate-all,695,680.265
lutar.evaluate-all,696,696.143
lutar.evaluate-all,697,697.807
lutar.evaluate-all,698,583.027
lutar.evaluate-all,699,553.667
lutar.evaluate-all,700,564.842
lutar.evaluate-all,701,528.342
lutar.evaluate-all,702,552.889
lutar.evaluate-all,703,542.099
lutar.evaluate-all,704,1082.409
lutar.evaluate-all,705,804.989
lutar.evaluate-all,706,632.074
lutar.evaluate-all,707,593.674
lutar.evaluate-all,708,594.046
lutar.evaluate-all,709,1024.429
lutar.evaluate-all,710,744.166
lutar.evaluate-all,711,615.85
lutar.evaluate-all,712,592.412
lutar.evaluate-all,713,527.714
lutar.evaluate-all,714,637.422
lutar.evaluate-all,715,555.748
lutar.evaluate-all,716,525.633
lutar.evaluate-all,717,567.117
lutar.evaluate-all,718,523.475
lutar.evaluate-all,719,547.277
lutar.evaluate-all,720,581.415
lutar.evaluate-all,721,1234.604
lutar.evaluate-all,722,740.977
lutar.evaluate-all,723,590.647
lutar.evaluate-all,724,585.782
lutar.evaluate-all,725,560.302
lutar.evaluate-all,726,582.977
lutar.evaluate-all,727,576.403
lutar.evaluate-all,728,525.643
lutar.evaluate-all,729,555.945
lutar.evaluate-all,730,547.651
lutar.evaluate-all,731,504.935
lutar.evaluate-all,732,607.512
lutar.evaluate-all,733,527.62
lutar.evaluate-all,734,552.921
lutar.evaluate-all,735,518.614
lutar.evaluate-all,736,509.241
lutar.evaluate-all,737,515.797
lutar.evaluate-all,738,516.458
lutar.evaluate-all,739,537.437
lutar.evaluate-all,740,513.383
lutar.evaluate-all,741,545.481
lutar.evaluate-all,742,503.868
lutar.evaluate-all,743,509.909
lutar.evaluate-all,744,538.157
lutar.evaluate-all,745,505.901
lutar.evaluate-all,746,540.558
lutar.evaluate-all,747,517.824
lutar.evaluate-all,748,535.801
lutar.evaluate-all,749,497.837
lutar.evaluate-all,750,521.584
lutar.evaluate-all,751,524.517
lutar.evaluate-all,752,513.558
lutar.evaluate-all,753,552.732
lutar.evaluate-all,754,1060.898
lutar.evaluate-all,755,748.752
lutar.evaluate-all,756,639.231
lutar.evaluate-all,757,582.684
lutar.evaluate-all,758,654.656
lutar.evaluate-all,759,576.729
lutar.evaluate-all,760,667.183
lutar.evaluate-all,761,680.818
lutar.evaluate-all,762,623.812
lutar.evaluate-all,763,604.433
lutar.evaluate-all,764,1256.569
lutar.evaluate-all,765,787.638
lutar.evaluate-all,766,630.998
lutar.evaluate-all,767,601.402
lutar.evaluate-all,768,705.543
lutar.evaluate-all,769,650.992
lutar.evaluate-all,770,656.713
lutar.evaluate-all,771,625.737
lutar.evaluate-all,772,560.496
lutar.evaluate-all,773,658.425
lutar.evaluate-all,774,675.785
lutar.evaluate-all,775,562.453
lutar.evaluate-all,776,611.571
lutar.evaluate-all,777,552.248
lutar.evaluate-all,778,575.094
lutar.evaluate-all,779,584.412
lutar.evaluate-all,780,550.444
lutar.evaluate-all,781,621.322
lutar.evaluate-all,782,558.911
lutar.evaluate-all,783,521.215
lutar.evaluate-all,784,533.736
lutar.evaluate-all,785,534.43
lutar.evaluate-all,786,559.475
lutar.evaluate-all,787,607.336
lutar.evaluate-all,788,540.532
lutar.evaluate-all,789,559.981
lutar.evaluate-all,790,574.892
lutar.evaluate-all,791,618.169
lutar.evaluate-all,792,574.446
lutar.evaluate-all,793,532.972
lutar.evaluate-all,794,617.46
lutar.evaluate-all,795,548.15
lutar.evaluate-all,796,517.082
lutar.evaluate-all,797,548.955
lutar.evaluate-all,798,517.489
lutar.evaluate-all,799,569.589
lutar.evaluate-all,800,576.627
lutar.evaluate-all,801,562.676
lutar.evaluate-all,802,553.029
lutar.evaluate-all,803,521.262
lutar.evaluate-all,804,727.421
lutar.evaluate-all,805,630.189
lutar.evaluate-all,806,590.703
lutar.evaluate-all,807,1377.505
lutar.evaluate-all,808,929.776
lutar.evaluate-all,809,747.316
lutar.evaluate-all,810,677.99
lutar.evaluate-all,811,753.213
lutar.evaluate-all,812,630.738
lutar.evaluate-all,813,566.691
lutar.evaluate-all,814,554.891
lutar.evaluate-all,815,601.856
lutar.evaluate-all,816,576.323
lutar.evaluate-all,817,619.334
lutar.evaluate-all,818,567.557
lutar.evaluate-all,819,626.92
lutar.evaluate-all,820,680.785
lutar.evaluate-all,821,610.869
lutar.evaluate-all,822,566.217
lutar.evaluate-all,823,596.055
lutar.evaluate-all,824,574.635
lutar.evaluate-all,825,536.756
lutar.evaluate-all,826,674.873
lutar.evaluate-all,827,648.73
lutar.evaluate-all,828,570.124
lutar.evaluate-all,829,737.707
lutar.evaluate-all,830,601.152
lutar.evaluate-all,831,547.653
lutar.evaluate-all,832,617.56
lutar.evaluate-all,833,570.0
lutar.evaluate-all,834,619.388
lutar.evaluate-all,835,692.037
lutar.evaluate-all,836,603.834
lutar.evaluate-all,837,553.886
lutar.evaluate-all,838,588.841
lutar.evaluate-all,839,555.798
lutar.evaluate-all,840,581.979
lutar.evaluate-all,841,559.44
lutar.evaluate-all,842,575.693
lutar.evaluate-all,843,586.876
lutar.evaluate-all,844,556.287
lutar.evaluate-all,845,564.94
lutar.evaluate-all,846,680.58
lutar.evaluate-all,847,621.844
lutar.evaluate-all,848,623.516
lutar.evaluate-all,849,827.207
lutar.evaluate-all,850,1209.251
lutar.evaluate-all,851,753.339
lutar.evaluate-all,852,735.794
lutar.evaluate-all,853,673.213
lutar.evaluate-all,854,636.652
lutar.evaluate-all,855,658.937
lutar.evaluate-all,856,654.888
lutar.evaluate-all,857,599.77
lutar.evaluate-all,858,669.845
lutar.evaluate-all,859,641.313
lutar.evaluate-all,860,629.521
lutar.evaluate-all,861,588.771
lutar.evaluate-all,862,648.016
lutar.evaluate-all,863,662.616
lutar.evaluate-all,864,683.623
lutar.evaluate-all,865,1089.499
lutar.evaluate-all,866,674.625
lutar.evaluate-all,867,610.254
lutar.evaluate-all,868,621.254
lutar.evaluate-all,869,780.439
lutar.evaluate-all,870,637.269
lutar.evaluate-all,871,770.13
lutar.evaluate-all,872,649.428
lutar.evaluate-all,873,576.728
lutar.evaluate-all,874,700.307
lutar.evaluate-all,875,621.889
lutar.evaluate-all,876,555.985
lutar.evaluate-all,877,608.607
lutar.evaluate-all,878,672.361
lutar.evaluate-all,879,583.059
lutar.evaluate-all,880,729.557
lutar.evaluate-all,881,1069.814
lutar.evaluate-all,882,852.981
lutar.evaluate-all,883,705.668
lutar.evaluate-all,884,608.317
lutar.evaluate-all,885,635.866
lutar.evaluate-all,886,592.683
lutar.evaluate-all,887,544.607
lutar.evaluate-all,888,549.894
lutar.evaluate-all,889,559.886
lutar.evaluate-all,890,530.166
lutar.evaluate-all,891,561.658
lutar.evaluate-all,892,596.526
lutar.evaluate-all,893,591.786
lutar.evaluate-all,894,1220.212
lutar.evaluate-all,895,800.994
lutar.evaluate-all,896,726.795
lutar.evaluate-all,897,623.596
lutar.evaluate-all,898,578.818
lutar.evaluate-all,899,585.168
lutar.evaluate-all,900,532.463
lutar.evaluate-all,901,558.018
lutar.evaluate-all,902,567.751
lutar.evaluate-all,903,1121.297
lutar.evaluate-all,904,790.188
lutar.evaluate-all,905,621.705
lutar.evaluate-all,906,603.707
lutar.evaluate-all,907,673.167
lutar.evaluate-all,908,655.948
lutar.evaluate-all,909,625.109
lutar.evaluate-all,910,613.757
lutar.evaluate-all,911,621.847
lutar.evaluate-all,912,598.299
lutar.evaluate-all,913,556.15
lutar.evaluate-all,914,642.549
lutar.evaluate-all,915,547.005
lutar.evaluate-all,916,531.842
lutar.evaluate-all,917,560.838
lutar.evaluate-all,918,673.78
lutar.evaluate-all,919,671.649
lutar.evaluate-all,920,648.69
lutar.evaluate-all,921,602.705
lutar.evaluate-all,922,549.316
lutar.evaluate-all,923,543.609
lutar.evaluate-all,924,545.037
lutar.evaluate-all,925,533.306
lutar.evaluate-all,926,788.902
lutar.evaluate-all,927,1017.063
lutar.evaluate-all,928,720.876
lutar.evaluate-all,929,604.421
lutar.evaluate-all,930,694.276
lutar.evaluate-all,931,723.073
lutar.evaluate-all,932,630.782
lutar.evaluate-all,933,566.138
lutar.evaluate-all,934,673.256
lutar.evaluate-all,935,635.615
lutar.evaluate-all,936,541.871
lutar.evaluate-all,937,650.144
lutar.evaluate-all,938,1100.275
lutar.evaluate-all,939,835.033
lutar.evaluate-all,940,671.985
lutar.evaluate-all,941,626.414
lutar.evaluate-all,942,613.647
lutar.evaluate-all,943,590.98
lutar.evaluate-all,944,536.121
lutar.evaluate-all,945,662.458
lutar.evaluate-all,946,642.184
lutar.evaluate-all,947,585.485
lutar.evaluate-all,948,1066.812
lutar.evaluate-all,949,930.847
lutar.evaluate-all,950,725.209
lutar.evaluate-all,951,781.634
lutar.evaluate-all,952,740.981
lutar.evaluate-all,953,614.752
lutar.evaluate-all,954,568.621
lutar.evaluate-all,955,593.997
lutar.evaluate-all,956,534.844
lutar.evaluate-all,957,546.452
lutar.evaluate-all,958,567.089
lutar.evaluate-all,959,644.059
lutar.evaluate-all,960,576.985
lutar.evaluate-all,961,568.936
lutar.evaluate-all,962,543.82
lutar.evaluate-all,963,555.462
lutar.evaluate-all,964,516.876
lutar.evaluate-all,965,623.889
lutar.evaluate-all,966,566.622
lutar.evaluate-all,967,525.675
lutar.evaluate-all,968,556.897
lutar.evaluate-all,969,520.191
lutar.evaluate-all,970,557.406
lutar.evaluate-all,971,519.075
lutar.evaluate-all,972,680.521
lutar.evaluate-all,973,554.434
lutar.evaluate-all,974,525.434
lutar.evaluate-all,975,541.196
lutar.evaluate-all,976,524.04
lutar.evaluate-all,977,539.733
lutar.evaluate-all,978,554.491
lutar.evaluate-all,979,1026.416
lutar.evaluate-all,980,870.969
lutar.evaluate-all,981,650.889
lutar.evaluate-all,982,1157.342
lutar.evaluate-all,983,832.853
lutar.evaluate-all,984,652.87
lutar.evaluate-all,985,634.888
lutar.evaluate-all,986,557.723
lutar.evaluate-all,987,794.308
lutar.evaluate-all,988,946.508
lutar.evaluate-all,989,859.475
lutar.evaluate-all,990,833.336
lutar.evaluate-all,991,802.392
lutar.evaluate-all,992,852.634
lutar.evaluate-all,993,937.596
lutar.evaluate-all,994,678.335
lutar.evaluate-all,995,603.726
lutar.evaluate-all,996,583.17
lutar.evaluate-all,997,549.555
lutar.evaluate-all,998,613.434
lutar.evaluate-all,999,590.311
