route_id,rep,latency_us
sentra.anchor-event,0,449.885
sentra.anchor-event,1,436.589
sentra.anchor-event,2,457.214
sentra.anchor-event,3,423.911
sentra.anchor-event,4,452.001
sentra.anchor-event,5,507.934
sentra.anchor-event,6,480.804
sentra.anchor-event,7,429.591
sentra.anchor-event,8,454.215
sentra.anchor-event,9,633.086
sentra.anchor-event,10,555.236
sentra.anchor-event,11,589.329
sentra.anchor-event,12,686.127
sentra.anchor-event,13,503.336
sentra.anchor-event,14,480.099
sentra.anchor-event,15,507.679
sentra.anchor-event,16,536.958
sentra.anchor-event,17,495.321
sentra.anchor-event,18,464.489
sentra.anchor-event,19,1020.058
sentra.anchor-event,20,698.956
sentra.anchor-event,21,647.319
sentra.anchor-event,22,632.772
sentra.anchor-event,23,546.49
sentra.anchor-event,24,574.515
sentra.anchor-event,25,521.939
sentra.anchor-event,26,458.634
sentra.anchor-event,27,507.14
sentra.anchor-event,28,502.683
sentra.anchor-event,29,513.292
sentra.anchor-event,30,434.47
sentra.anchor-event,31,544.519
sentra.anchor-event,32,493.447
sentra.anchor-event,33,451.624
sentra.anchor-event,34,458.284
sentra.anchor-event,35,440.664
sentra.anchor-event,36,452.292
sentra.anchor-event,37,674.641
sentra.anchor-event,38,704.61
sentra.anchor-event,39,646.202
sentra.anchor-event,40,542.549
sentra.anchor-event,41,524.809
sentra.anchor-event,42,551.991
sentra.anchor-event,43,491.631
sentra.anchor-event,44,721.13
sentra.anchor-event,45,689.81
sentra.anchor-event,46,600.81
sentra.anchor-event,47,574.427
sentra.anchor-event,48,530.718
sentra.anchor-event,49,648.921
sentra.anchor-event,50,732.778
sentra.anchor-event,51,971.596
sentra.anchor-event,52,671.557
sentra.anchor-event,53,678.56
sentra.anchor-event,54,548.035
sentra.anchor-event,55,586.88
sentra.anchor-event,56,481.972
sentra.anchor-event,57,502.048
sentra.anchor-event,58,484.056
sentra.anchor-event,59,477.41
sentra.anchor-event,60,502.92
sentra.anchor-event,61,606.714
sentra.anchor-event,62,568.678
sentra.anchor-event,63,500.387
sentra.anchor-event,64,479.959
sentra.anchor-event,65,493.921
sentra.anchor-event,66,457.288
sentra.anchor-event,67,431.153
sentra.anchor-event,68,423.014
sentra.anchor-event,69,434.4
sentra.anchor-event,70,647.088
sentra.anchor-event,71,538.54
sentra.anchor-event,72,455.495
sentra.anchor-event,73,478.341
sentra.anchor-event,74,437.218
sentra.anchor-event,75,451.042
sentra.anchor-event,76,428.437
sentra.anchor-event,77,537.925
sentra.anchor-event,78,1030.362
sentra.anchor-event,79,708.145
sentra.anchor-event,80,562.437
sentra.anchor-event,81,552.623
sentra.anchor-event,82,656.425
sentra.anchor-event,83,559.058
sentra.anchor-event,84,500.282
sentra.anchor-event,85,488.712
sentra.anchor-event,86,508.288
sentra.anchor-event,87,447.917
sentra.anchor-event,88,442.928
sentra.anchor-event,89,499.217
sentra.anchor-event,90,1014.824
sentra.anchor-event,91,677.264
sentra.anchor-event,92,569.783
sentra.anchor-event,93,543.964
sentra.anchor-event,94,495.955
sentra.anchor-event,95,498.896
sentra.anchor-event,96,516.712
sentra.anchor-event,97,528.401
sentra.anchor-event,98,493.783
sentra.anchor-event,99,523.784
sentra.anchor-event,100,488.226
sentra.anchor-event,101,509.312
sentra.anchor-event,102,485.89
sentra.anchor-event,103,486.019
sentra.anchor-event,104,485.926
sentra.anchor-event,105,429.138
sentra.anchor-event,106,465.531
sentra.anchor-event,107,916.235
sentra.anchor-event,108,717.447
sentra.anchor-event,109,568.216
sentra.anchor-event,110,538.052
sentra.anchor-event,111,490.696
sentra.anchor-event,112,484.165
sentra.anchor-event,113,471.628
sentra.anchor-event,114,485.882
sentra.anchor-event,115,468.861
sentra.anchor-event,116,609.137
sentra.anchor-event,117,450.516
sentra.anchor-event,118,441.662
sentra.anchor-event,119,468.182
sentra.anchor-event,120,434.918
sentra.anchor-event,121,444.436
sentra.anchor-event,122,430.638
sentra.anchor-event,123,439.582
sentra.anchor-event,124,485.636
sentra.anchor-event,125,448.66
sentra.anchor-event,126,435.711
sentra.anchor-event,127,457.39
sentra.anchor-event,128,490.973
sentra.anchor-event,129,454.22
sentra.anchor-event,130,444.997
sentra.anchor-event,131,453.051
sentra.anchor-event,132,983.738
sentra.anchor-event,133,772.892
sentra.anchor-event,134,582.838
sentra.anchor-event,135,646.283
sentra.anchor-event,136,642.084
sentra.anchor-event,137,681.148
sentra.anchor-event,138,530.742
sentra.anchor-event,139,642.502
sentra.anchor-event,140,506.889
sentra.anchor-event,141,515.923
sentra.anchor-event,142,498.966
sentra.anchor-event,143,676.346
sentra.anchor-event,144,514.755
sentra.anchor-event,145,441.226
sentra.anchor-event,146,477.314
sentra.anchor-event,147,438.251
sentra.anchor-event,148,474.133
sentra.anchor-event,149,458.343
sentra.anchor-event,150,483.535
sentra.anchor-event,151,490.826
sentra.anchor-event,152,447.066
sentra.anchor-event,153,432.793
sentra.anchor-event,154,458.778
sentra.anchor-event,155,439.011
sentra.anchor-event,156,447.591
sentra.anchor-event,157,426.322
sentra.anchor-event,158,528.895
sentra.anchor-event,159,461.688
sentra.anchor-event,160,481.406
sentra.anchor-event,161,513.116
sentra.anchor-event,162,485.863
sentra.anchor-event,163,434.927
sentra.anchor-event,164,445.143
sentra.anchor-event,165,438.539
sentra.anchor-event,166,488.832
sentra.anchor-event,167,463.082
sentra.anchor-event,168,431.857
sentra.anchor-event,169,451.262
sentra.anchor-event,170,437.718
sentra.anchor-event,171,429.428
sentra.anchor-event,172,435.059
sentra.anchor-event,173,429.366
sentra.anchor-event,174,477.199
sentra.anchor-event,175,494.173
sentra.anchor-event,176,435.73
sentra.anchor-event,177,476.018
sentra.anchor-event,178,549.78
sentra.anchor-event,179,487.32
sentra.anchor-event,180,431.355
sentra.anchor-event,181,622.876
sentra.anchor-event,182,462.131
sentra.anchor-event,183,482.55
sentra.anchor-event,184,436.606
sentra.anchor-event,185,461.336
sentra.anchor-event,186,431.247
sentra.anchor-event,187,457.355
sentra.anchor-event,188,416.936
sentra.anchor-event,189,506.623
sentra.anchor-event,190,469.755
sentra.anchor-event,191,468.064
sentra.anchor-event,192,444.684
sentra.anchor-event,193,506.377
sentra.anchor-event,194,475.21
sentra.anchor-event,195,432.359
sentra.anchor-event,196,465.999
sentra.anchor-event,197,617.573
sentra.anchor-event,198,498.058
sentra.anchor-event,199,443.877
sentra.anchor-event,200,481.711
sentra.anchor-event,201,434.172
sentra.anchor-event,202,442.857
sentra.anchor-event,203,434.366
sentra.anchor-event,204,491.402
sentra.anchor-event,205,425.725
sentra.anchor-event,206,448.799
sentra.anchor-event,207,422.374
sentra.anchor-event,208,462.838
sentra.anchor-event,209,420.9
sentra.anchor-event,210,447.003
sentra.anchor-event,211,407.541
sentra.anchor-event,212,452.431
sentra.anchor-event,213,1338.507
sentra.anchor-event,214,719.968
sentra.anchor-event,215,531.625
sentra.anchor-event,216,723.225
sentra.anchor-event,217,959.036
sentra.anchor-event,218,643.941
sentra.anchor-event,219,543.914
sentra.anchor-event,220,491.709
sentra.anchor-event,221,508.87
sentra.anchor-event,222,468.36
sentra.anchor-event,223,729.035
sentra.anchor-event,224,897.037
sentra.anchor-event,225,674.554
sentra.anchor-event,226,710.43
sentra.anchor-event,227,628.468
sentra.anchor-event,228,1054.918
sentra.anchor-event,229,655.075
sentra.anchor-event,230,554.461
sentra.anchor-event,231,491.551
sentra.anchor-event,232,516.759
sentra.anchor-event,233,495.009
sentra.anchor-event,234,504.889
sentra.anchor-event,235,492.939
sentra.anchor-event,236,520.773
sentra.anchor-event,237,495.899
sentra.anchor-event,238,438.938
sentra.anchor-event,239,470.217
sentra.anchor-event,240,429.068
sentra.anchor-event,241,474.198
sentra.anchor-event,242,443.982
sentra.anchor-event,243,460.806
sentra.anchor-event,244,603.377
sentra.anchor-event,245,533.789
sentra.anchor-event,246,493.246
sentra.anchor-event,247,469.338
sentra.anchor-event,248,477.28
sentra.anchor-event,249,949.104
sentra.anchor-event,250,690.067
sentra.anchor-event,251,587.284
sentra.anchor-event,252,523.807
sentra.anchor-event,253,478.971
sentra.anchor-event,254,505.999
sentra.anchor-event,255,540.356
sentra.anchor-event,256,478.881
sentra.anchor-event,257,432.658
sentra.anchor-event,258,462.848
sentra.anchor-event,259,430.182
sentra.anchor-event,260,457.378
sentra.anchor-event,261,420.531
sentra.anchor-event,262,552.065
sentra.anchor-event,263,445.729
sentra.anchor-event,264,483.453
sentra.anchor-event,265,428.067
sentra.anchor-event,266,487.07
sentra.anchor-event,267,573.819
sentra.anchor-event,268,523.527
sentra.anchor-event,269,657.127
sentra.anchor-event,270,1201.88
sentra.anchor-event,271,717.548
sentra.anchor-event,272,692.136
sentra.anchor-event,273,549.051
sentra.anchor-event,274,714.643
sentra.anchor-event,275,562.223
sentra.anchor-event,276,503.234
sentra.anchor-event,277,496.879
sentra.anchor-event,278,477.232
sentra.anchor-event,279,508.546
sentra.anchor-event,280,557.112
sentra.anchor-event,281,529.481
sentra.anchor-event,282,490.558
sentra.anchor-event,283,453.356
sentra.anchor-event,284,511.835
sentra.anchor-event,285,460.354
sentra.anchor-event,286,482.669
sentra.anchor-event,287,431.246
sentra.anchor-event,288,526.751
sentra.anchor-event,289,435.923
sentra.anchor-event,290,456.125
sentra.anchor-event,291,443.242
sentra.anchor-event,292,602.344
sentra.anchor-event,293,546.963
sentra.anchor-event,294,488.32
sentra.anchor-event,295,538.136
sentra.anchor-event,296,487.785
sentra.anchor-event,297,490.499
sentra.anchor-event,298,457.572
sentra.anchor-event,299,476.813
sentra.anchor-event,300,432.117
sentra.anchor-event,301,460.964
sentra.anchor-event,302,429.178
sentra.anchor-event,303,488.516
sentra.anchor-event,304,422.003
sentra.anchor-event,305,420.124
sentra.anchor-event,306,423.398
sentra.anchor-event,307,460.769
sentra.anchor-event,308,410.095
sentra.anchor-event,309,446.342
sentra.anchor-event,310,400.82
sentra.anchor-event,311,441.681
sentra.anchor-event,312,524.579
sentra.anchor-event,313,481.819
sentra.anchor-event,314,435.177
sentra.anchor-event,315,452.789
sentra.anchor-event,316,433.146
sentra.anchor-event,317,538.302
sentra.anchor-event,318,573.801
sentra.anchor-event,319,539.763
sentra.anchor-event,320,484.32
sentra.anchor-event,321,435.092
sentra.anchor-event,322,517.857
sentra.anchor-event,323,482.301
sentra.anchor-event,324,557.655
sentra.anchor-event,325,466.003
sentra.anchor-event,326,550.259
sentra.anchor-event,327,575.739
sentra.anchor-event,328,1113.681
sentra.anchor-event,329,738.407
sentra.anchor-event,330,552.375
sentra.anchor-event,331,612.023
sentra.anchor-event,332,508.102
sentra.anchor-event,333,510.06
sentra.anchor-event,334,471.2
sentra.anchor-event,335,549.784
sentra.anchor-event,336,461.131
sentra.anchor-event,337,473.929
sentra.anchor-event,338,485.018
sentra.anchor-event,339,488.371
sentra.anchor-event,340,475.371
sentra.anchor-event,341,434.232
sentra.anchor-event,342,678.81
sentra.anchor-event,343,552.528
sentra.anchor-event,344,497.174
sentra.anchor-event,345,511.121
sentra.anchor-event,346,504.867
sentra.anchor-event,347,578.503
sentra.anchor-event,348,545.244
sentra.anchor-event,349,567.642
sentra.anchor-event,350,540.453
sentra.anchor-event,351,478.519
sentra.anchor-event,352,556.579
sentra.anchor-event,353,468.082
sentra.anchor-event,354,618.431
sentra.anchor-event,355,547.915
sentra.anchor-event,356,516.308
sentra.anchor-event,357,526.053
sentra.anchor-event,358,458.401
sentra.anchor-event,359,548.282
sentra.anchor-event,360,438.027
sentra.anchor-event,361,478.835
sentra.anchor-event,362,453.055
sentra.anchor-event,363,554.21
sentra.anchor-event,364,636.959
sentra.anchor-event,365,473.094
sentra.anchor-event,366,745.718
sentra.anchor-event,367,1016.571
sentra.anchor-event,368,654.529
sentra.anchor-event,369,596.265
sentra.anchor-event,370,512.849
sentra.anchor-event,371,594.297
sentra.anchor-event,372,494.783
sentra.anchor-event,373,510.463
sentra.anchor-event,374,488.234
sentra.anchor-event,375,467.407
sentra.anchor-event,376,473.967
sentra.anchor-event,377,495.327
sentra.anchor-event,378,1156.729
sentra.anchor-event,379,811.248
sentra.anchor-event,380,582.243
sentra.anchor-event,381,522.009
sentra.anchor-event,382,491.342
sentra.anchor-event,383,485.414
sentra.anchor-event,384,538.163
sentra.anchor-event,385,511.583
sentra.anchor-event,386,467.558
sentra.anchor-event,387,461.292
sentra.anchor-event,388,427.94
sentra.anchor-event,389,444.129
sentra.anchor-event,390,431.888
sentra.anchor-event,391,493.751
sentra.anchor-event,392,436.092
sentra.anchor-event,393,449.284
sentra.anchor-event,394,512.193
sentra.anchor-event,395,491.589
sentra.anchor-event,396,439.698
sentra.anchor-event,397,463.251
sentra.anchor-event,398,456.726
sentra.anchor-event,399,860.111
sentra.anchor-event,400,792.117
sentra.anchor-event,401,604.486
sentra.anchor-event,402,510.503
sentra.anchor-event,403,540.369
sentra.anchor-event,404,514.203
sentra.anchor-event,405,953.414
sentra.anchor-event,406,671.128
sentra.anchor-event,407,559.538
sentra.anchor-event,408,517.658
sentra.anchor-event,409,487.62
sentra.anchor-event,410,502.094
sentra.anchor-event,411,506.548
sentra.anchor-event,412,503.858
sentra.anchor-event,413,578.623
sentra.anchor-event,414,569.952
sentra.anchor-event,415,589.407
sentra.anchor-event,416,567.822
sentra.anchor-event,417,655.004
sentra.anchor-event,418,589.211
sentra.anchor-event,419,596.268
sentra.anchor-event,420,565.517
sentra.anchor-event,421,601.598
sentra.anchor-event,422,593.686
sentra.anchor-event,423,584.324
sentra.anchor-event,424,466.893
sentra.anchor-event,425,438.419
sentra.anchor-event,426,434.626
sentra.anchor-event,427,436.869
sentra.anchor-event,428,1062.958
sentra.anchor-event,429,776.444
sentra.anchor-event,430,556.573
sentra.anchor-event,431,523.745
sentra.anchor-event,432,495.355
sentra.anchor-event,433,489.352
sentra.anchor-event,434,547.546
sentra.anchor-event,435,554.183
sentra.anchor-event,436,460.144
sentra.anchor-event,437,467.324
sentra.anchor-event,438,434.925
sentra.anchor-event,439,456.919
sentra.anchor-event,440,429.96
sentra.anchor-event,441,431.097
sentra.anchor-event,442,417.881
sentra.anchor-event,443,526.911
sentra.anchor-event,444,468.588
sentra.anchor-event,445,484.548
sentra.anchor-event,446,442.124
sentra.anchor-event,447,513.508
sentra.anchor-event,448,445.662
sentra.anchor-event,449,457.117
sentra.anchor-event,450,449.075
sentra.anchor-event,451,574.476
sentra.anchor-event,452,516.94
sentra.anchor-event,453,474.343
sentra.anchor-event,454,501.651
sentra.anchor-event,455,438.442
sentra.anchor-event,456,468.49
sentra.anchor-event,457,452.567
sentra.anchor-event,458,495.287
sentra.anchor-event,459,431.664
sentra.anchor-event,460,462.304
sentra.anchor-event,461,498.042
sentra.anchor-event,462,475.236
sentra.anchor-event,463,423.303
sentra.anchor-event,464,442.718
sentra.anchor-event,465,410.29
sentra.anchor-event,466,625.45
sentra.anchor-event,467,498.352
sentra.anchor-event,468,431.601
sentra.anchor-event,469,419.541
sentra.anchor-event,470,418.887
sentra.anchor-event,471,426.729
sentra.anchor-event,472,459.695
sentra.anchor-event,473,422.589
sentra.anchor-event,474,520.603
sentra.anchor-event,475,438.107
sentra.anchor-event,476,479.06
sentra.anchor-event,477,469.368
sentra.anchor-event,478,590.315
sentra.anchor-event,479,517.045
sentra.anchor-event,480,447.599
sentra.anchor-event,481,521.179
sentra.anchor-event,482,439.602
sentra.anchor-event,483,441.777
sentra.anchor-event,484,417.745
sentra.anchor-event,485,459.809
sentra.anchor-event,486,454.641
sentra.anchor-event,487,468.597
sentra.anchor-event,488,420.102
sentra.anchor-event,489,566.719
sentra.anchor-event,490,424.644
sentra.anchor-event,491,447.706
sentra.anchor-event,492,416.14
sentra.anchor-event,493,445.059
sentra.anchor-event,494,417.26
sentra.anchor-event,495,443.614
sentra.anchor-event,496,412.607
sentra.anchor-event,497,451.524
sentra.anchor-event,498,1004.514
sentra.anchor-event,499,619.057
sentra.anchor-event,500,527.432
sentra.anchor-event,501,568.824
sentra.anchor-event,502,489.786
sentra.anchor-event,503,521.357
sentra.anchor-event,504,543.728
sentra.anchor-event,505,474.779
sentra.anchor-event,506,501.393
sentra.anchor-event,507,492.672
sentra.anchor-event,508,505.037
sentra.anchor-event,509,435.185
sentra.anchor-event,510,482.929
sentra.anchor-event,511,464.037
sentra.anchor-event,512,443.395
sentra.anchor-event,513,441.751
sentra.anchor-event,514,447.719
sentra.anchor-event,515,469.294
sentra.anchor-event,516,491.969
sentra.anchor-event,517,434.219
sentra.anchor-event,518,517.576
sentra.anchor-event,519,440.949
sentra.anchor-event,520,473.188
sentra.anchor-event,521,432.984
sentra.anchor-event,522,486.454
sentra.anchor-event,523,419.508
sentra.anchor-event,524,496.829
sentra.anchor-event,525,428.598
sentra.anchor-event,526,573.944
sentra.anchor-event,527,494.563
sentra.anchor-event,528,575.852
sentra.anchor-event,529,490.778
sentra.anchor-event,530,431.432
sentra.anchor-event,531,465.914
sentra.anchor-event,532,481.289
sentra.anchor-event,533,588.066
sentra.anchor-event,534,427.74
sentra.anchor-event,535,471.826
sentra.anchor-event,536,431.749
sentra.anchor-event,537,463.09
sentra.anchor-event,538,418.464
sentra.anchor-event,539,455.695
sentra.anchor-event,540,429.709
sentra.anchor-event,541,530.779
sentra.anchor-event,542,422.038
sentra.anchor-event,543,539.129
sentra.anchor-event,544,478.92
sentra.anchor-event,545,429.133
sentra.anchor-event,546,447.117
sentra.anchor-event,547,422.534
sentra.anchor-event,548,417.089
sentra.anchor-event,549,503.676
sentra.anchor-event,550,452.511
sentra.anchor-event,551,430.976
sentra.anchor-event,552,436.399
sentra.anchor-event,553,473.074
sentra.anchor-event,554,485.725
sentra.anchor-event,555,527.535
sentra.anchor-event,556,473.266
sentra.anchor-event,557,484.715
sentra.anchor-event,558,509.815
sentra.anchor-event,559,430.804
sentra.anchor-event,560,444.278
sentra.anchor-event,561,422.553
sentra.anchor-event,562,463.911
sentra.anchor-event,563,432.046
sentra.anchor-event,564,499.28
sentra.anchor-event,565,417.694
sentra.anchor-event,566,474.141
sentra.anchor-event,567,416.806
sentra.anchor-event,568,465.129
sentra.anchor-event,569,420.853
sentra.anchor-event,570,448.488
sentra.anchor-event,571,424.684
sentra.anchor-event,572,552.909
sentra.anchor-event,573,420.057
sentra.anchor-event,574,468.36
sentra.anchor-event,575,434.742
sentra.anchor-event,576,431.596
sentra.anchor-event,577,440.212
sentra.anchor-event,578,924.508
sentra.anchor-event,579,557.975
sentra.anchor-event,580,472.796
sentra.anchor-event,581,433.237
sentra.anchor-event,582,463.835
sentra.anchor-event,583,432.316
sentra.anchor-event,584,415.676
sentra.anchor-event,585,442.283
sentra.anchor-event,586,417.996
sentra.anchor-event,587,480.197
sentra.anchor-event,588,521.211
sentra.anchor-event,589,459.824
sentra.anchor-event,590,490.913
sentra.anchor-event,591,456.763
sentra.anchor-event,592,513.217
sentra.anchor-event,593,525.952
sentra.anchor-event,594,518.844
sentra.anchor-event,595,451.794
sentra.anchor-event,596,467.655
sentra.anchor-event,597,424.218
sentra.anchor-event,598,462.32
sentra.anchor-event,599,436.626
sentra.anchor-event,600,455.847
sentra.anchor-event,601,449.706
sentra.anchor-event,602,534.101
sentra.anchor-event,603,430.805
sentra.anchor-event,604,450.096
sentra.anchor-event,605,442.515
sentra.anchor-event,606,434.158
sentra.anchor-event,607,421.366
sentra.anchor-event,608,422.535
sentra.anchor-event,609,416.509
sentra.anchor-event,610,502.395
sentra.anchor-event,611,420.917
sentra.anchor-event,612,458.349
sentra.anchor-event,613,416.16
sentra.anchor-event,614,453.258
sentra.anchor-event,615,418.883
sentra.anchor-event,616,462.832
sentra.anchor-event,617,440.377
sentra.anchor-event,618,1302.881
sentra.anchor-event,619,899.556
sentra.anchor-event,620,637.112
sentra.anchor-event,621,577.828
sentra.anchor-event,622,544.227
sentra.anchor-event,623,560.414
sentra.anchor-event,624,501.501
sentra.anchor-event,625,481.956
sentra.anchor-event,626,504.231
sentra.anchor-event,627,558.801
sentra.anchor-event,628,707.861
sentra.anchor-event,629,1035.76
sentra.anchor-event,630,619.684
sentra.anchor-event,631,603.104
sentra.anchor-event,632,830.571
sentra.anchor-event,633,727.903
sentra.anchor-event,634,814.953
sentra.anchor-event,635,631.621
sentra.anchor-event,636,586.804
sentra.anchor-event,637,534.154
sentra.anchor-event,638,802.377
sentra.anchor-event,639,743.602
sentra.anchor-event,640,588.643
sentra.anchor-event,641,563.562
sentra.anchor-event,642,469.65
sentra.anchor-event,643,510.306
sentra.anchor-event,644,454.092
sentra.anchor-event,645,468.051
sentra.anchor-event,646,476.227
sentra.anchor-event,647,466.862
sentra.anchor-event,648,421.356
sentra.anchor-event,649,473.089
sentra.anchor-event,650,471.94
sentra.anchor-event,651,498.986
sentra.anchor-event,652,473.704
sentra.anchor-event,653,540.17
sentra.anchor-event,654,444.734
sentra.anchor-event,655,502.341
sentra.anchor-event,656,433.343
sentra.anchor-event,657,462.444
sentra.anchor-event,658,425.774
sentra.anchor-event,659,463.436
sentra.anchor-event,660,446.694
sentra.anchor-event,661,532.127
sentra.anchor-event,662,434.175
sentra.anchor-event,663,427.798
sentra.anchor-event,664,417.058
sentra.anchor-event,665,456.273
sentra.anchor-event,666,422.888
sentra.anchor-event,667,463.403
sentra.anchor-event,668,424.111
sentra.anchor-event,669,490.629
sentra.anchor-event,670,498.855
sentra.anchor-event,671,468.054
sentra.anchor-event,672,421.172
sentra.anchor-event,673,428.839
sentra.anchor-event,674,424.706
sentra.anchor-event,675,449.914
sentra.anchor-event,676,433.026
sentra.anchor-event,677,525.322
sentra.anchor-event,678,1029.011
sentra.anchor-event,679,793.865
sentra.anchor-event,680,685.5
sentra.anchor-event,681,605.368
sentra.anchor-event,682,657.364
sentra.anchor-event,683,623.509
sentra.anchor-event,684,505.861
sentra.anchor-event,685,481.693
sentra.anchor-event,686,504.619
sentra.anchor-event,687,527.319
sentra.anchor-event,688,539.217
sentra.anchor-event,689,446.77
sentra.anchor-event,690,431.099
sentra.anchor-event,691,441.848
sentra.anchor-event,692,439.871
sentra.anchor-event,693,445.329
sentra.anchor-event,694,451.779
sentra.anchor-event,695,419.105
sentra.anchor-event,696,541.21
sentra.anchor-event,697,443.677
sentra.anchor-event,698,547.23
sentra.anchor-event,699,460.695
sentra.anchor-event,700,457.774
sentra.anchor-event,701,478.924
sentra.anchor-event,702,427.937
sentra.anchor-event,703,441.446
sentra.anchor-event,704,483.452
sentra.anchor-event,705,464.953
sentra.anchor-event,706,475.017
sentra.anchor-event,707,454.864
sentra.anchor-event,708,464.555
sentra.anchor-event,709,475.274
sentra.anchor-event,710,425.916
sentra.anchor-event,711,441.227
sentra.anchor-event,712,467.098
sentra.anchor-event,713,437.917
sentra.anchor-event,714,791.62
sentra.anchor-event,715,693.849
sentra.anchor-event,716,607.111
sentra.anchor-event,717,592.11
sentra.anchor-event,718,653.053
sentra.anchor-event,719,549.739
sentra.anchor-event,720,524.146
sentra.anchor-event,721,532.277
sentra.anchor-event,722,587.542
sentra.anchor-event,723,578.317
sentra.anchor-event,724,767.025
sentra.anchor-event,725,554.766
sentra.anchor-event,726,520.63
sentra.anchor-event,727,845.939
sentra.anchor-event,728,624.91
sentra.anchor-event,729,557.986
sentra.anchor-event,730,599.71
sentra.anchor-event,731,644.35
sentra.anchor-event,732,553.756
sentra.anchor-event,733,518.385
sentra.anchor-event,734,576.192
sentra.anchor-event,735,519.194
sentra.anchor-event,736,653.967
sentra.anchor-event,737,598.35
sentra.anchor-event,738,689.076
sentra.anchor-event,739,531.366
sentra.anchor-event,740,572.622
sentra.anchor-event,741,520.163
sentra.anchor-event,742,660.936
sentra.anchor-event,743,981.04
sentra.anchor-event,744,642.54
sentra.anchor-event,745,617.738
sentra.anchor-event,746,586.143
sentra.anchor-event,747,755.156
sentra.anchor-event,748,598.246
sentra.anchor-event,749,539.136
sentra.anchor-event,750,592.32
sentra.anchor-event,751,569.667
sentra.anchor-event,752,567.429
sentra.anchor-event,753,711.853
sentra.anchor-event,754,595.266
sentra.anchor-event,755,550.479
sentra.anchor-event,756,590.767
sentra.anchor-event,757,534.837
sentra.anchor-event,758,548.888
sentra.anchor-event,759,698.462
sentra.anchor-event,760,636.21
sentra.anchor-event,761,556.913
sentra.anchor-event,762,605.541
sentra.anchor-event,763,532.205
sentra.anchor-event,764,556.239
sentra.anchor-event,765,580.111
sentra.anchor-event,766,543.915
sentra.anchor-event,767,585.844
sentra.anchor-event,768,663.413
sentra.anchor-event,769,565.356
sentra.anchor-event,770,587.28
sentra.anchor-event,771,571.143
sentra.anchor-event,772,636.666
sentra.anchor-event,773,592.539
sentra.anchor-event,774,602.511
sentra.anchor-event,775,555.022
sentra.anchor-event,776,595.193
sentra.anchor-event,777,974.892
sentra.anchor-event,778,606.591
sentra.anchor-event,779,537.165
sentra.anchor-event,780,579.011
sentra.anchor-event,781,550.552
sentra.anchor-event,782,570.837
sentra.anchor-event,783,732.003
sentra.anchor-event,784,594.9
sentra.anchor-event,785,534.828
sentra.anchor-event,786,660.853
sentra.anchor-event,787,598.532
sentra.anchor-event,788,564.102
sentra.anchor-event,789,721.716
sentra.anchor-event,790,613.781
sentra.anchor-event,791,519.991
sentra.anchor-event,792,577.385
sentra.anchor-event,793,532.471
sentra.anchor-event,794,578.48
sentra.anchor-event,795,676.841
sentra.anchor-event,796,541.034
sentra.anchor-event,797,567.466
sentra.anchor-event,798,581.696
sentra.anchor-event,799,614.752
sentra.anchor-event,800,554.74
sentra.anchor-event,801,725.39
sentra.anchor-event,802,557.189
sentra.anchor-event,803,543.05
sentra.anchor-event,804,580.319
sentra.anchor-event,805,524.874
sentra.anchor-event,806,574.053
sentra.anchor-event,807,561.079
sentra.anchor-event,808,647.019
sentra.anchor-event,809,604.538
sentra.anchor-event,810,577.057
sentra.anchor-event,811,541.491
sentra.anchor-event,812,577.933
sentra.anchor-event,813,518.898
sentra.anchor-event,814,719.84
sentra.anchor-event,815,622.17
sentra.anchor-event,816,568.755
sentra.anchor-event,817,548.622
sentra.anchor-event,818,578.383
sentra.anchor-event,819,533.592
sentra.anchor-event,820,639.103
sentra.anchor-event,821,643.311
sentra.anchor-event,822,550.759
sentra.anchor-event,823,586.267
sentra.anchor-event,824,576.572
sentra.anchor-event,825,538.762
sentra.anchor-event,826,718.881
sentra.anchor-event,827,918.958
sentra.anchor-event,828,586.246
sentra.anchor-event,829,602.109
sentra.anchor-event,830,941.353
sentra.anchor-event,831,3020.759
sentra.anchor-event,832,933.97
sentra.anchor-event,833,808.228
sentra.anchor-event,834,914.217
sentra.anchor-event,835,1006.74
sentra.anchor-event,836,747.413
sentra.anchor-event,837,766.596
sentra.anchor-event,838,773.497
sentra.anchor-event,839,651.228
sentra.anchor-event,840,587.154
sentra.anchor-event,841,614.761
sentra.anchor-event,842,729.093
sentra.anchor-event,843,668.014
sentra.anchor-event,844,559.315
sentra.anchor-event,845,621.153
sentra.anchor-event,846,635.446
sentra.anchor-event,847,594.941
sentra.anchor-event,848,730.042
sentra.anchor-event,849,635.396
sentra.anchor-event,850,620.436
sentra.anchor-event,851,609.385
sentra.anchor-event,852,636.964
sentra.anchor-event,853,718.161
sentra.anchor-event,854,647.914
sentra.anchor-event,855,621.739
sentra.anchor-event,856,617.731
sentra.anchor-event,857,571.975
sentra.anchor-event,858,616.899
sentra.anchor-event,859,657.851
sentra.anchor-event,860,739.02
sentra.anchor-event,861,591.137
sentra.anchor-event,862,645.529
sentra.anchor-event,863,592.4
sentra.anchor-event,864,591.576
sentra.anchor-event,865,736.957
sentra.anchor-event,866,1813.25
sentra.anchor-event,867,946.641
sentra.anchor-event,868,724.873
sentra.anchor-event,869,609.182
sentra.anchor-event,870,617.954
sentra.anchor-event,871,1132.132
sentra.anchor-event,872,1073.367
sentra.anchor-event,873,2297.407
sentra.anchor-event,874,5138.911
sentra.anchor-event,875,1065.904
sentra.anchor-event,876,1087.092
sentra.anchor-event,877,653.753
sentra.anchor-event,878,658.382
sentra.anchor-event,879,665.711
sentra.anchor-event,880,1008.354
sentra.anchor-event,881,641.558
sentra.anchor-event,882,555.983
sentra.anchor-event,883,526.484
sentra.anchor-event,884,517.835
sentra.anchor-event,885,838.786
sentra.anchor-event,886,917.799
sentra.anchor-event,887,643.289
sentra.anchor-event,888,850.536
sentra.anchor-event,889,582.869
sentra.anchor-event,890,630.931
sentra.anchor-event,891,561.501
sentra.anchor-event,892,491.023
sentra.anchor-event,893,522.685
sentra.anchor-event,894,476.957
sentra.anchor-event,895,557.092
sentra.anchor-event,896,542.888
sentra.anchor-event,897,983.671
sentra.anchor-event,898,763.028
sentra.anchor-event,899,606.261
sentra.anchor-event,900,581.374
sentra.anchor-event,901,524.908
sentra.anchor-event,902,575.288
sentra.anchor-event,903,536.618
sentra.anchor-event,904,472.466
sentra.anchor-event,905,498.754
sentra.anchor-event,906,632.781
sentra.anchor-event,907,553.162
sentra.anchor-event,908,545.937
sentra.anchor-event,909,540.596
sentra.anchor-event,910,519.765
sentra.anchor-event,911,552.511
sentra.anchor-event,912,500.736
sentra.anchor-event,913,490.132
sentra.anchor-event,914,491.212
sentra.anchor-event,915,456.621
sentra.anchor-event,916,1074.91
sentra.anchor-event,917,756.06
sentra.anchor-event,918,564.964
sentra.anchor-event,919,525.496
sentra.anchor-event,920,484.629
sentra.anchor-event,921,531.416
sentra.anchor-event,922,488.076
sentra.anchor-event,923,486.47
sentra.anchor-event,924,473.583
sentra.anchor-event,925,463.459
sentra.anchor-event,926,1018.941
sentra.anchor-event,927,762.391
sentra.anchor-event,928,563.409
sentra.anchor-event,929,572.528
sentra.anchor-event,930,577.195
sentra.anchor-event,931,787.422
sentra.anchor-event,932,723.231
sentra.anchor-event,933,765.461
sentra.anchor-event,934,604.434
sentra.anchor-event,935,920.536
sentra.anchor-event,936,628.909
sentra.anchor-event,937,517.321
sentra.anchor-event,938,509.131
sentra.anchor-event,939,433.597
sentra.anchor-event,940,509.337
sentra.anchor-event,941,446.249
sentra.anchor-event,942,526.075
sentra.anchor-event,943,432.039
sentra.anchor-event,944,454.388
sentra.anchor-event,945,431.153
sentra.anchor-event,946,493.306
sentra.anchor-event,947,455.851
sentra.anchor-event,948,512.078
sentra.anchor-event,949,505.152
sentra.anchor-event,950,457.17
sentra.anchor-event,951,481.66
sentra.anchor-event,952,427.79
sentra.anchor-event,953,452.881
sentra.anchor-event,954,527.554
sentra.anchor-event,955,458.995
sentra.anchor-event,956,432.904
sentra.anchor-event,957,454.081
sentra.anchor-event,958,414.697
sentra.anchor-event,959,454.028
sentra.anchor-event,960,414.495
sentra.anchor-event,961,444.13
sentra.anchor-event,962,546.658
sentra.anchor-event,963,475.056
sentra.anchor-event,964,429.146
sentra.anchor-event,965,457.039
sentra.anchor-event,966,429.194
sentra.anchor-event,967,445.452
sentra.anchor-event,968,414.398
sentra.anchor-event,969,443.304
sentra.anchor-event,970,1129.226
sentra.anchor-event,971,683.553
sentra.anchor-event,972,547.723
sentra.anchor-event,973,542.271
sentra.anchor-event,974,485.69
sentra.anchor-event,975,523.244
sentra.anchor-event,976,999.239
sentra.anchor-event,977,677.334
sentra.anchor-event,978,616.053
sentra.anchor-event,979,510.87
sentra.anchor-event,980,491.749
sentra.anchor-event,981,998.356
sentra.anchor-event,982,699.473
sentra.anchor-event,983,593.347
sentra.anchor-event,984,637.19
sentra.anchor-event,985,496.561
sentra.anchor-event,986,519.116
sentra.anchor-event,987,465.547
sentra.anchor-event,988,474.427
sentra.anchor-event,989,475.667
sentra.anchor-event,990,439.676
sentra.anchor-event,991,467.457
sentra.anchor-event,992,422.519
sentra.anchor-event,993,447.016
sentra.anchor-event,994,556.469
sentra.anchor-event,995,534.661
sentra.anchor-event,996,448.048
sentra.anchor-event,997,462.555
sentra.anchor-event,998,424.995
sentra.anchor-event,999,467.689
sentra.anchor-batch,0,470.323
sentra.anchor-batch,1,458.56
sentra.anchor-batch,2,499.752
sentra.anchor-batch,3,472.333
sentra.anchor-batch,4,690.101
sentra.anchor-batch,5,627.68
sentra.anchor-batch,6,529.043
sentra.anchor-batch,7,501.535
sentra.anchor-batch,8,516.345
sentra.anchor-batch,9,509.307
sentra.anchor-batch,10,496.002
sentra.anchor-batch,11,522.188
sentra.anchor-batch,12,510.603
sentra.anchor-batch,13,442.687
sentra.anchor-batch,14,459.759
sentra.anchor-batch,15,463.127
sentra.anchor-batch,16,455.691
sentra.anchor-batch,17,496.753
sentra.anchor-batch,18,546.585
sentra.anchor-batch,19,471.641
sentra.anchor-batch,20,488.915
sentra.anchor-batch,21,439.008
sentra.anchor-batch,22,709.281
sentra.anchor-batch,23,666.138
sentra.anchor-batch,24,525.028
sentra.anchor-batch,25,583.508
sentra.anchor-batch,26,655.956
sentra.anchor-batch,27,614.735
sentra.anchor-batch,28,524.354
sentra.anchor-batch,29,509.355
sentra.anchor-batch,30,512.932
sentra.anchor-batch,31,490.509
sentra.anchor-batch,32,482.223
sentra.anchor-batch,33,491.358
sentra.anchor-batch,34,467.007
sentra.anchor-batch,35,540.94
sentra.anchor-batch,36,498.471
sentra.anchor-batch,37,446.066
sentra.anchor-batch,38,457.725
sentra.anchor-batch,39,410.788
sentra.anchor-batch,40,439.838
sentra.anchor-batch,41,469.585
sentra.anchor-batch,42,451.972
sentra.anchor-batch,43,466.975
sentra.anchor-batch,44,418.833
sentra.anchor-batch,45,608.079
sentra.anchor-batch,46,547.983
sentra.anchor-batch,47,512.738
sentra.anchor-batch,48,721.391
sentra.anchor-batch,49,666.348
sentra.anchor-batch,50,587.078
sentra.anchor-batch,51,582.252
sentra.anchor-batch,52,652.432
sentra.anchor-batch,53,645.484
sentra.anchor-batch,54,523.701
sentra.anchor-batch,55,492.098
sentra.anchor-batch,56,511.753
sentra.anchor-batch,57,622.628
sentra.anchor-batch,58,556.888
sentra.anchor-batch,59,540.556
sentra.anchor-batch,60,496.107
sentra.anchor-batch,61,448.561
sentra.anchor-batch,62,474.807
sentra.anchor-batch,63,448.011
sentra.anchor-batch,64,579.062
sentra.anchor-batch,65,544.08
sentra.anchor-batch,66,422.386
sentra.anchor-batch,67,516.775
sentra.anchor-batch,68,427.704
sentra.anchor-batch,69,452.18
sentra.anchor-batch,70,442.432
sentra.anchor-batch,71,512.21
sentra.anchor-batch,72,480.74
sentra.anchor-batch,73,430.161
sentra.anchor-batch,74,450.32
sentra.anchor-batch,75,483.415
sentra.anchor-batch,76,438.65
sentra.anchor-batch,77,524.713
sentra.anchor-batch,78,455.917
sentra.anchor-batch,79,426.063
sentra.anchor-batch,80,446.246
sentra.anchor-batch,81,410.505
sentra.anchor-batch,82,453.792
sentra.anchor-batch,83,412.32
sentra.anchor-batch,84,481.227
sentra.anchor-batch,85,644.343
sentra.anchor-batch,86,505.438
sentra.anchor-batch,87,580.131
sentra.anchor-batch,88,495.386
sentra.anchor-batch,89,456.741
sentra.anchor-batch,90,602.856
sentra.anchor-batch,91,528.597
sentra.anchor-batch,92,430.908
sentra.anchor-batch,93,919.782
sentra.anchor-batch,94,1788.124
sentra.anchor-batch,95,1091.115
sentra.anchor-batch,96,1220.425
sentra.anchor-batch,97,944.345
sentra.anchor-batch,98,703.055
sentra.anchor-batch,99,571.272
sentra.anchor-batch,100,611.309
sentra.anchor-batch,101,627.086
sentra.anchor-batch,102,574.158
sentra.anchor-batch,103,613.286
sentra.anchor-batch,104,554.121
sentra.anchor-batch,105,602.633
sentra.anchor-batch,106,571.011
sentra.anchor-batch,107,638.141
sentra.anchor-batch,108,607.43
sentra.anchor-batch,109,589.777
sentra.anchor-batch,110,625.022
sentra.anchor-batch,111,591.898
sentra.anchor-batch,112,673.954
sentra.anchor-batch,113,623.848
sentra.anchor-batch,114,599.032
sentra.anchor-batch,115,655.832
sentra.anchor-batch,116,584.881
sentra.anchor-batch,117,640.862
sentra.anchor-batch,118,633.264
sentra.anchor-batch,119,548.41
sentra.anchor-batch,120,548.491
sentra.anchor-batch,121,620.691
sentra.anchor-batch,122,591.11
sentra.anchor-batch,123,714.977
sentra.anchor-batch,124,597.44
sentra.anchor-batch,125,554.83
sentra.anchor-batch,126,602.083
sentra.anchor-batch,127,685.532
sentra.anchor-batch,128,613.591
sentra.anchor-batch,129,589.227
sentra.anchor-batch,130,559.84
sentra.anchor-batch,131,594.13
sentra.anchor-batch,132,595.578
sentra.anchor-batch,133,569.845
sentra.anchor-batch,134,532.444
sentra.anchor-batch,135,616.886
sentra.anchor-batch,136,894.784
sentra.anchor-batch,137,907.394
sentra.anchor-batch,138,848.404
sentra.anchor-batch,139,885.913
sentra.anchor-batch,140,789.108
sentra.anchor-batch,141,639.193
sentra.anchor-batch,142,585.061
sentra.anchor-batch,143,589.404
sentra.anchor-batch,144,650.973
sentra.anchor-batch,145,731.654
sentra.anchor-batch,146,678.932
sentra.anchor-batch,147,569.625
sentra.anchor-batch,148,581.857
sentra.anchor-batch,149,666.806
sentra.anchor-batch,150,709.663
sentra.anchor-batch,151,626.529
sentra.anchor-batch,152,565.84
sentra.anchor-batch,153,573.567
sentra.anchor-batch,154,740.544
sentra.anchor-batch,155,869.871
sentra.anchor-batch,156,796.534
sentra.anchor-batch,157,3132.078
sentra.anchor-batch,158,975.445
sentra.anchor-batch,159,744.613
sentra.anchor-batch,160,701.503
sentra.anchor-batch,161,632.157
sentra.anchor-batch,162,572.465
sentra.anchor-batch,163,592.908
sentra.anchor-batch,164,602.891
sentra.anchor-batch,165,627.361
sentra.anchor-batch,166,612.893
sentra.anchor-batch,167,535.667
sentra.anchor-batch,168,938.937
sentra.anchor-batch,169,626.353
sentra.anchor-batch,170,677.928
sentra.anchor-batch,171,619.711
sentra.anchor-batch,172,562.007
sentra.anchor-batch,173,572.621
sentra.anchor-batch,174,567.787
sentra.anchor-batch,175,601.464
sentra.anchor-batch,176,609.482
sentra.anchor-batch,177,669.608
sentra.anchor-batch,178,595.208
sentra.anchor-batch,179,625.349
sentra.anchor-batch,180,588.97
sentra.anchor-batch,181,558.577
sentra.anchor-batch,182,531.553
sentra.anchor-batch,183,872.581
sentra.anchor-batch,184,713.393
sentra.anchor-batch,185,824.102
sentra.anchor-batch,186,663.642
sentra.anchor-batch,187,607.173
sentra.anchor-batch,188,600.164
sentra.anchor-batch,189,634.404
sentra.anchor-batch,190,718.103
sentra.anchor-batch,191,634.428
sentra.anchor-batch,192,648.217
sentra.anchor-batch,193,582.643
sentra.anchor-batch,194,600.073
sentra.anchor-batch,195,724.984
sentra.anchor-batch,196,658.477
sentra.anchor-batch,197,563.877
sentra.anchor-batch,198,550.58
sentra.anchor-batch,199,760.346
sentra.anchor-batch,200,723.169
sentra.anchor-batch,201,615.644
sentra.anchor-batch,202,620.429
sentra.anchor-batch,203,548.619
sentra.anchor-batch,204,590.005
sentra.anchor-batch,205,766.405
sentra.anchor-batch,206,601.463
sentra.anchor-batch,207,541.319
sentra.anchor-batch,208,604.122
sentra.anchor-batch,209,583.231
sentra.anchor-batch,210,593.999
sentra.anchor-batch,211,594.079
sentra.anchor-batch,212,540.748
sentra.anchor-batch,213,617.666
sentra.anchor-batch,214,597.002
sentra.anchor-batch,215,619.38
sentra.anchor-batch,216,624.107
sentra.anchor-batch,217,592.59
sentra.anchor-batch,218,623.431
sentra.anchor-batch,219,620.486
sentra.anchor-batch,220,571.998
sentra.anchor-batch,221,697.632
sentra.anchor-batch,222,589.066
sentra.anchor-batch,223,590.256
sentra.anchor-batch,224,550.26
sentra.anchor-batch,225,586.335
sentra.anchor-batch,226,687.399
sentra.anchor-batch,227,652.532
sentra.anchor-batch,228,554.3
sentra.anchor-batch,229,582.503
sentra.anchor-batch,230,595.773
sentra.anchor-batch,231,554.233
sentra.anchor-batch,232,706.043
sentra.anchor-batch,233,561.545
sentra.anchor-batch,234,600.9
sentra.anchor-batch,235,580.77
sentra.anchor-batch,236,566.89
sentra.anchor-batch,237,1708.069
sentra.anchor-batch,238,702.958
sentra.anchor-batch,239,630.97
sentra.anchor-batch,240,729.928
sentra.anchor-batch,241,674.693
sentra.anchor-batch,242,539.931
sentra.anchor-batch,243,904.707
sentra.anchor-batch,244,587.265
sentra.anchor-batch,245,731.936
sentra.anchor-batch,246,690.338
sentra.anchor-batch,247,657.206
sentra.anchor-batch,248,582.163
sentra.anchor-batch,249,527.512
sentra.anchor-batch,250,548.773
sentra.anchor-batch,251,523.807
sentra.anchor-batch,252,486.275
sentra.anchor-batch,253,523.884
sentra.anchor-batch,254,661.698
sentra.anchor-batch,255,527.794
sentra.anchor-batch,256,1683.116
sentra.anchor-batch,257,577.434
sentra.anchor-batch,258,573.932
sentra.anchor-batch,259,542.212
sentra.anchor-batch,260,591.912
sentra.anchor-batch,261,497.362
sentra.anchor-batch,262,531.294
sentra.anchor-batch,263,523.399
sentra.anchor-batch,264,617.874
sentra.anchor-batch,265,540.718
sentra.anchor-batch,266,762.556
sentra.anchor-batch,267,562.149
sentra.anchor-batch,268,589.48
sentra.anchor-batch,269,524.146
sentra.anchor-batch,270,557.588
sentra.anchor-batch,271,572.117
sentra.anchor-batch,272,495.06
sentra.anchor-batch,273,673.577
sentra.anchor-batch,274,578.092
sentra.anchor-batch,275,551.606
sentra.anchor-batch,276,528.749
sentra.anchor-batch,277,698.755
sentra.anchor-batch,278,551.212
sentra.anchor-batch,279,536.703
sentra.anchor-batch,280,535.778
sentra.anchor-batch,281,503.194
sentra.anchor-batch,282,618.329
sentra.anchor-batch,283,491.1
sentra.anchor-batch,284,468.847
sentra.anchor-batch,285,483.867
sentra.anchor-batch,286,509.578
sentra.anchor-batch,287,458.263
sentra.anchor-batch,288,534.938
sentra.anchor-batch,289,484.019
sentra.anchor-batch,290,605.203
sentra.anchor-batch,291,535.473
sentra.anchor-batch,292,519.421
sentra.anchor-batch,293,515.955
sentra.anchor-batch,294,523.819
sentra.anchor-batch,295,579.678
sentra.anchor-batch,296,601.337
sentra.anchor-batch,297,604.709
sentra.anchor-batch,298,543.535
sentra.anchor-batch,299,719.6
sentra.anchor-batch,300,546.336
sentra.anchor-batch,301,479.424
sentra.anchor-batch,302,459.3
sentra.anchor-batch,303,619.126
sentra.anchor-batch,304,567.383
sentra.anchor-batch,305,599.014
sentra.anchor-batch,306,501.859
sentra.anchor-batch,307,487.106
sentra.anchor-batch,308,453.475
sentra.anchor-batch,309,469.818
sentra.anchor-batch,310,450.497
sentra.anchor-batch,311,652.773
sentra.anchor-batch,312,475.747
sentra.anchor-batch,313,478.559
sentra.anchor-batch,314,450.505
sentra.anchor-batch,315,520.104
sentra.anchor-batch,316,453.59
sentra.anchor-batch,317,537.281
sentra.anchor-batch,318,541.245
sentra.anchor-batch,319,503.435
sentra.anchor-batch,320,468.043
sentra.anchor-batch,321,479.158
sentra.anchor-batch,322,474.932
sentra.anchor-batch,323,543.498
sentra.anchor-batch,324,464.719
sentra.anchor-batch,325,464.615
sentra.anchor-batch,326,460.32
sentra.anchor-batch,327,428.105
sentra.anchor-batch,328,474.468
sentra.anchor-batch,329,420.851
sentra.anchor-batch,330,490.813
sentra.anchor-batch,331,504.344
sentra.anchor-batch,332,680.371
sentra.anchor-batch,333,514.445
sentra.anchor-batch,334,574.065
sentra.anchor-batch,335,737.34
sentra.anchor-batch,336,726.078
sentra.anchor-batch,337,661.761
sentra.anchor-batch,338,667.034
sentra.anchor-batch,339,634.933
sentra.anchor-batch,340,759.189
sentra.anchor-batch,341,606.548
sentra.anchor-batch,342,554.757
sentra.anchor-batch,343,516.095
sentra.anchor-batch,344,489.405
sentra.anchor-batch,345,651.316
sentra.anchor-batch,346,710.714
sentra.anchor-batch,347,549.199
sentra.anchor-batch,348,595.596
sentra.anchor-batch,349,568.289
sentra.anchor-batch,350,503.765
sentra.anchor-batch,351,670.852
sentra.anchor-batch,352,574.733
sentra.anchor-batch,353,606.062
sentra.anchor-batch,354,489.584
sentra.anchor-batch,355,572.111
sentra.anchor-batch,356,557.92
sentra.anchor-batch,357,548.482
sentra.anchor-batch,358,481.79
sentra.anchor-batch,359,469.435
sentra.anchor-batch,360,474.451
sentra.anchor-batch,361,523.971
sentra.anchor-batch,362,518.73
sentra.anchor-batch,363,611.859
sentra.anchor-batch,364,541.753
sentra.anchor-batch,365,577.567
sentra.anchor-batch,366,543.232
sentra.anchor-batch,367,497.874
sentra.anchor-batch,368,696.165
sentra.anchor-batch,369,740.352
sentra.anchor-batch,370,647.771
sentra.anchor-batch,371,562.448
sentra.anchor-batch,372,601.501
sentra.anchor-batch,373,666.753
sentra.anchor-batch,374,550.093
sentra.anchor-batch,375,526.063
sentra.anchor-batch,376,538.722
sentra.anchor-batch,377,494.503
sentra.anchor-batch,378,508.921
sentra.anchor-batch,379,506.435
sentra.anchor-batch,380,500.579
sentra.anchor-batch,381,447.865
sentra.anchor-batch,382,472.353
sentra.anchor-batch,383,480.053
sentra.anchor-batch,384,435.214
sentra.anchor-batch,385,502.626
sentra.anchor-batch,386,426.039
sentra.anchor-batch,387,464.867
sentra.anchor-batch,388,423.129
sentra.anchor-batch,389,443.518
sentra.anchor-batch,390,481.592
sentra.anchor-batch,391,410.204
sentra.anchor-batch,392,601.639
sentra.anchor-batch,393,523.422
sentra.anchor-batch,394,586.976
sentra.anchor-batch,395,850.876
sentra.anchor-batch,396,590.651
sentra.anchor-batch,397,705.976
sentra.anchor-batch,398,535.682
sentra.anchor-batch,399,527.486
sentra.anchor-batch,400,537.717
sentra.anchor-batch,401,691.522
sentra.anchor-batch,402,713.927
sentra.anchor-batch,403,497.903
sentra.anchor-batch,404,522.697
sentra.anchor-batch,405,481.622
sentra.anchor-batch,406,472.695
sentra.anchor-batch,407,535.877
sentra.anchor-batch,408,493.824
sentra.anchor-batch,409,657.875
sentra.anchor-batch,410,566.233
sentra.anchor-batch,411,496.265
sentra.anchor-batch,412,467.651
sentra.anchor-batch,413,532.174
sentra.anchor-batch,414,639.469
sentra.anchor-batch,415,525.72
sentra.anchor-batch,416,558.708
sentra.anchor-batch,417,565.41
sentra.anchor-batch,418,468.347
sentra.anchor-batch,419,492.949
sentra.anchor-batch,420,472.046
sentra.anchor-batch,421,639.53
sentra.anchor-batch,422,553.652
sentra.anchor-batch,423,483.616
sentra.anchor-batch,424,467.716
sentra.anchor-batch,425,719.927
sentra.anchor-batch,426,722.534
sentra.anchor-batch,427,715.992
sentra.anchor-batch,428,531.56
sentra.anchor-batch,429,535.657
sentra.anchor-batch,430,523.09
sentra.anchor-batch,431,543.697
sentra.anchor-batch,432,503.661
sentra.anchor-batch,433,498.531
sentra.anchor-batch,434,530.57
sentra.anchor-batch,435,476.263
sentra.anchor-batch,436,501.666
sentra.anchor-batch,437,478.686
sentra.anchor-batch,438,479.13
sentra.anchor-batch,439,494.359
sentra.anchor-batch,440,467.919
sentra.anchor-batch,441,434.846
sentra.anchor-batch,442,483.63
sentra.anchor-batch,443,417.74
sentra.anchor-batch,444,487.276
sentra.anchor-batch,445,422.339
sentra.anchor-batch,446,445.917
sentra.anchor-batch,447,461.164
sentra.anchor-batch,448,428.383
sentra.anchor-batch,449,445.778
sentra.anchor-batch,450,439.772
sentra.anchor-batch,451,494.193
sentra.anchor-batch,452,469.873
sentra.anchor-batch,453,419.846
sentra.anchor-batch,454,459.724
sentra.anchor-batch,455,408.441
sentra.anchor-batch,456,456.827
sentra.anchor-batch,457,463.561
sentra.anchor-batch,458,468.384
sentra.anchor-batch,459,447.092
sentra.anchor-batch,460,425.992
sentra.anchor-batch,461,447.401
sentra.anchor-batch,462,418.313
sentra.anchor-batch,463,458.253
sentra.anchor-batch,464,410.326
sentra.anchor-batch,465,743.747
sentra.anchor-batch,466,544.957
sentra.anchor-batch,467,510.434
sentra.anchor-batch,468,492.609
sentra.anchor-batch,469,525.398
sentra.anchor-batch,470,526.825
sentra.anchor-batch,471,787.555
sentra.anchor-batch,472,646.509
sentra.anchor-batch,473,552.67
sentra.anchor-batch,474,521.87
sentra.anchor-batch,475,537.182
sentra.anchor-batch,476,602.427
sentra.anchor-batch,477,581.039
sentra.anchor-batch,478,527.795
sentra.anchor-batch,479,526.703
sentra.anchor-batch,480,483.279
sentra.anchor-batch,481,535.733
sentra.anchor-batch,482,522.239
sentra.anchor-batch,483,487.974
sentra.anchor-batch,484,497.087
sentra.anchor-batch,485,500.423
sentra.anchor-batch,486,458.041
sentra.anchor-batch,487,608.144
sentra.anchor-batch,488,512.253
sentra.anchor-batch,489,513.163
sentra.anchor-batch,490,458.866
sentra.anchor-batch,491,481.488
sentra.anchor-batch,492,458.277
sentra.anchor-batch,493,535.3
sentra.anchor-batch,494,616.055
sentra.anchor-batch,495,503.317
sentra.anchor-batch,496,606.382
sentra.anchor-batch,497,566.984
sentra.anchor-batch,498,625.002
sentra.anchor-batch,499,579.397
sentra.anchor-batch,500,658.584
sentra.anchor-batch,501,553.825
sentra.anchor-batch,502,537.217
sentra.anchor-batch,503,530.776
sentra.anchor-batch,504,671.84
sentra.anchor-batch,505,671.072
sentra.anchor-batch,506,602.36
sentra.anchor-batch,507,512.241
sentra.anchor-batch,508,526.941
sentra.anchor-batch,509,583.617
sentra.anchor-batch,510,538.325
sentra.anchor-batch,511,503.802
sentra.anchor-batch,512,450.338
sentra.anchor-batch,513,440.368
sentra.anchor-batch,514,475.788
sentra.anchor-batch,515,768.504
sentra.anchor-batch,516,583.555
sentra.anchor-batch,517,555.751
sentra.anchor-batch,518,481.776
sentra.anchor-batch,519,483.39
sentra.anchor-batch,520,507.201
sentra.anchor-batch,521,517.049
sentra.anchor-batch,522,492.255
sentra.anchor-batch,523,444.079
sentra.anchor-batch,524,447.198
sentra.anchor-batch,525,430.351
sentra.anchor-batch,526,454.658
sentra.anchor-batch,527,579.979
sentra.anchor-batch,528,683.333
sentra.anchor-batch,529,548.847
sentra.anchor-batch,530,553.25
sentra.anchor-batch,531,548.453
sentra.anchor-batch,532,465.593
sentra.anchor-batch,533,550.463
sentra.anchor-batch,534,456.246
sentra.anchor-batch,535,454.8
sentra.anchor-batch,536,456.207
sentra.anchor-batch,537,468.612
sentra.anchor-batch,538,433.101
sentra.anchor-batch,539,516.425
sentra.anchor-batch,540,473.293
sentra.anchor-batch,541,478.552
sentra.anchor-batch,542,465.791
sentra.anchor-batch,543,430.521
sentra.anchor-batch,544,486.199
sentra.anchor-batch,545,498.324
sentra.anchor-batch,546,563.305
sentra.anchor-batch,547,515.335
sentra.anchor-batch,548,482.034
sentra.anchor-batch,549,526.477
sentra.anchor-batch,550,486.474
sentra.anchor-batch,551,463.239
sentra.anchor-batch,552,546.808
sentra.anchor-batch,553,483.764
sentra.anchor-batch,554,463.401
sentra.anchor-batch,555,477.803
sentra.anchor-batch,556,505.993
sentra.anchor-batch,557,671.294
sentra.anchor-batch,558,684.305
sentra.anchor-batch,559,591.84
sentra.anchor-batch,560,558.137
sentra.anchor-batch,561,535.218
sentra.anchor-batch,562,527.161
sentra.anchor-batch,563,520.478
sentra.anchor-batch,564,511.976
sentra.anchor-batch,565,535.967
sentra.anchor-batch,566,501.165
sentra.anchor-batch,567,485.015
sentra.anchor-batch,568,525.427
sentra.anchor-batch,569,509.156
sentra.anchor-batch,570,469.027
sentra.anchor-batch,571,466.838
sentra.anchor-batch,572,434.396
sentra.anchor-batch,573,453.583
sentra.anchor-batch,574,700.415
sentra.anchor-batch,575,530.057
sentra.anchor-batch,576,497.212
sentra.anchor-batch,577,492.999
sentra.anchor-batch,578,443.021
sentra.anchor-batch,579,482.627
sentra.anchor-batch,580,438.371
sentra.anchor-batch,581,533.727
sentra.anchor-batch,582,458.779
sentra.anchor-batch,583,441.051
sentra.anchor-batch,584,447.273
sentra.anchor-batch,585,461.478
sentra.anchor-batch,586,441.787
sentra.anchor-batch,587,475.831
sentra.anchor-batch,588,699.026
sentra.anchor-batch,589,543.318
sentra.anchor-batch,590,550.192
sentra.anchor-batch,591,577.199
sentra.anchor-batch,592,537.641
sentra.anchor-batch,593,545.481
sentra.anchor-batch,594,520.029
sentra.anchor-batch,595,503.121
sentra.anchor-batch,596,482.467
sentra.anchor-batch,597,677.523
sentra.anchor-batch,598,647.983
sentra.anchor-batch,599,534.721
sentra.anchor-batch,600,545.399
sentra.anchor-batch,601,641.045
sentra.anchor-batch,602,601.954
sentra.anchor-batch,603,509.712
sentra.anchor-batch,604,582.971
sentra.anchor-batch,605,592.46
sentra.anchor-batch,606,527.183
sentra.anchor-batch,607,503.3
sentra.anchor-batch,608,492.392
sentra.anchor-batch,609,499.179
sentra.anchor-batch,610,601.402
sentra.anchor-batch,611,556.265
sentra.anchor-batch,612,531.294
sentra.anchor-batch,613,470.23
sentra.anchor-batch,614,483.423
sentra.anchor-batch,615,482.235
sentra.anchor-batch,616,543.253
sentra.anchor-batch,617,531.54
sentra.anchor-batch,618,469.508
sentra.anchor-batch,619,476.098
sentra.anchor-batch,620,491.987
sentra.anchor-batch,621,485.802
sentra.anchor-batch,622,612.654
sentra.anchor-batch,623,478.287
sentra.anchor-batch,624,460.496
sentra.anchor-batch,625,507.476
sentra.anchor-batch,626,482.953
sentra.anchor-batch,627,471.7
sentra.anchor-batch,628,561.421
sentra.anchor-batch,629,623.256
sentra.anchor-batch,630,506.799
sentra.anchor-batch,631,555.353
sentra.anchor-batch,632,484.183
sentra.anchor-batch,633,462.236
sentra.anchor-batch,634,668.289
sentra.anchor-batch,635,663.734
sentra.anchor-batch,636,594.579
sentra.anchor-batch,637,525.945
sentra.anchor-batch,638,527.419
sentra.anchor-batch,639,521.786
sentra.anchor-batch,640,503.623
sentra.anchor-batch,641,459.209
sentra.anchor-batch,642,575.2
sentra.anchor-batch,643,595.024
sentra.anchor-batch,644,511.015
sentra.anchor-batch,645,522.891
sentra.anchor-batch,646,540.129
sentra.anchor-batch,647,458.233
sentra.anchor-batch,648,460.287
sentra.anchor-batch,649,462.934
sentra.anchor-batch,650,444.759
sentra.anchor-batch,651,525.709
sentra.anchor-batch,652,491.69
sentra.anchor-batch,653,449.385
sentra.anchor-batch,654,496.353
sentra.anchor-batch,655,417.785
sentra.anchor-batch,656,433.975
sentra.anchor-batch,657,453.024
sentra.anchor-batch,658,452.969
sentra.anchor-batch,659,465.261
sentra.anchor-batch,660,431.015
sentra.anchor-batch,661,426.7
sentra.anchor-batch,662,444.737
sentra.anchor-batch,663,436.279
sentra.anchor-batch,664,527.66
sentra.anchor-batch,665,434.016
sentra.anchor-batch,666,449.218
sentra.anchor-batch,667,412.329
sentra.anchor-batch,668,454.995
sentra.anchor-batch,669,632.225
sentra.anchor-batch,670,515.44
sentra.anchor-batch,671,533.575
sentra.anchor-batch,672,476.285
sentra.anchor-batch,673,492.145
sentra.anchor-batch,674,446.741
sentra.anchor-batch,675,480.259
sentra.anchor-batch,676,478.517
sentra.anchor-batch,677,787.749
sentra.anchor-batch,678,652.757
sentra.anchor-batch,679,561.818
sentra.anchor-batch,680,541.71
sentra.anchor-batch,681,556.653
sentra.anchor-batch,682,599.236
sentra.anchor-batch,683,514.651
sentra.anchor-batch,684,583.571
sentra.anchor-batch,685,589.319
sentra.anchor-batch,686,513.062
sentra.anchor-batch,687,617.168
sentra.anchor-batch,688,518.491
sentra.anchor-batch,689,607.585
sentra.anchor-batch,690,506.859
sentra.anchor-batch,691,502.424
sentra.anchor-batch,692,545.044
sentra.anchor-batch,693,565.705
sentra.anchor-batch,694,626.31
sentra.anchor-batch,695,623.327
sentra.anchor-batch,696,491.101
sentra.anchor-batch,697,514.458
sentra.anchor-batch,698,501.639
sentra.anchor-batch,699,665.286
sentra.anchor-batch,700,582.273
sentra.anchor-batch,701,607.941
sentra.anchor-batch,702,516.963
sentra.anchor-batch,703,477.507
sentra.anchor-batch,704,619.848
sentra.anchor-batch,705,506.027
sentra.anchor-batch,706,606.698
sentra.anchor-batch,707,715.269
sentra.anchor-batch,708,634.715
sentra.anchor-batch,709,567.699
sentra.anchor-batch,710,727.789
sentra.anchor-batch,711,644.19
sentra.anchor-batch,712,552.06
sentra.anchor-batch,713,538.076
sentra.anchor-batch,714,537.875
sentra.anchor-batch,715,507.624
sentra.anchor-batch,716,500.446
sentra.anchor-batch,717,480.785
sentra.anchor-batch,718,447.336
sentra.anchor-batch,719,493.132
sentra.anchor-batch,720,483.346
sentra.anchor-batch,721,509.585
sentra.anchor-batch,722,491.156
sentra.anchor-batch,723,445.587
sentra.anchor-batch,724,456.772
sentra.anchor-batch,725,462.872
sentra.anchor-batch,726,446.062
sentra.anchor-batch,727,497.139
sentra.anchor-batch,728,481.784
sentra.anchor-batch,729,534.397
sentra.anchor-batch,730,586.249
sentra.anchor-batch,731,515.349
sentra.anchor-batch,732,450.47
sentra.anchor-batch,733,533.859
sentra.anchor-batch,734,894.055
sentra.anchor-batch,735,736.394
sentra.anchor-batch,736,567.548
sentra.anchor-batch,737,515.581
sentra.anchor-batch,738,580.921
sentra.anchor-batch,739,537.15
sentra.anchor-batch,740,455.7
sentra.anchor-batch,741,481.591
sentra.anchor-batch,742,483.884
sentra.anchor-batch,743,448.177
sentra.anchor-batch,744,498.077
sentra.anchor-batch,745,468.131
sentra.anchor-batch,746,534.858
sentra.anchor-batch,747,454.277
sentra.anchor-batch,748,524.675
sentra.anchor-batch,749,507.591
sentra.anchor-batch,750,547.482
sentra.anchor-batch,751,449.854
sentra.anchor-batch,752,460.194
sentra.anchor-batch,753,462.352
sentra.anchor-batch,754,419.473
sentra.anchor-batch,755,461.133
sentra.anchor-batch,756,443.092
sentra.anchor-batch,757,529.593
sentra.anchor-batch,758,654.92
sentra.anchor-batch,759,526.687
sentra.anchor-batch,760,508.823
sentra.anchor-batch,761,554.957
sentra.anchor-batch,762,525.342
sentra.anchor-batch,763,554.321
sentra.anchor-batch,764,588.708
sentra.anchor-batch,765,548.359
sentra.anchor-batch,766,497.487
sentra.anchor-batch,767,509.636
sentra.anchor-batch,768,513.266
sentra.anchor-batch,769,710.549
sentra.anchor-batch,770,696.878
sentra.anchor-batch,771,609.849
sentra.anchor-batch,772,543.681
sentra.anchor-batch,773,572.48
sentra.anchor-batch,774,642.099
sentra.anchor-batch,775,519.4
sentra.anchor-batch,776,510.063
sentra.anchor-batch,777,604.272
sentra.anchor-batch,778,540.557
sentra.anchor-batch,779,747.698
sentra.anchor-batch,780,579.495
sentra.anchor-batch,781,579.74
sentra.anchor-batch,782,494.532
sentra.anchor-batch,783,531.237
sentra.anchor-batch,784,510.844
sentra.anchor-batch,785,499.144
sentra.anchor-batch,786,485.273
sentra.anchor-batch,787,444.587
sentra.anchor-batch,788,481.183
sentra.anchor-batch,789,464.592
sentra.anchor-batch,790,420.59
sentra.anchor-batch,791,650.642
sentra.anchor-batch,792,635.711
sentra.anchor-batch,793,575.299
sentra.anchor-batch,794,513.752
sentra.anchor-batch,795,486.951
sentra.anchor-batch,796,498.007
sentra.anchor-batch,797,563.745
sentra.anchor-batch,798,484.38
sentra.anchor-batch,799,539.033
sentra.anchor-batch,800,455.763
sentra.anchor-batch,801,481.973
sentra.anchor-batch,802,504.947
sentra.anchor-batch,803,466.578
sentra.anchor-batch,804,475.563
sentra.anchor-batch,805,654.885
sentra.anchor-batch,806,546.373
sentra.anchor-batch,807,684.565
sentra.anchor-batch,808,740.62
sentra.anchor-batch,809,567.674
sentra.anchor-batch,810,498.963
sentra.anchor-batch,811,507.147
sentra.anchor-batch,812,542.383
sentra.anchor-batch,813,515.125
sentra.anchor-batch,814,584.939
sentra.anchor-batch,815,566.619
sentra.anchor-batch,816,527.671
sentra.anchor-batch,817,517.722
sentra.anchor-batch,818,494.164
sentra.anchor-batch,819,709.013
sentra.anchor-batch,820,702.164
sentra.anchor-batch,821,574.378
sentra.anchor-batch,822,559.612
sentra.anchor-batch,823,510.232
sentra.anchor-batch,824,518.861
sentra.anchor-batch,825,554.249
sentra.anchor-batch,826,537.39
sentra.anchor-batch,827,512.411
sentra.anchor-batch,828,462.858
sentra.anchor-batch,829,496.185
sentra.anchor-batch,830,435.037
sentra.anchor-batch,831,685.678
sentra.anchor-batch,832,549.04
sentra.anchor-batch,833,574.286
sentra.anchor-batch,834,530.474
sentra.anchor-batch,835,516.0
sentra.anchor-batch,836,481.768
sentra.anchor-batch,837,463.773
sentra.anchor-batch,838,447.312
sentra.anchor-batch,839,488.361
sentra.anchor-batch,840,426.883
sentra.anchor-batch,841,468.172
sentra.anchor-batch,842,489.686
sentra.anchor-batch,843,520.683
sentra.anchor-batch,844,452.937
sentra.anchor-batch,845,447.927
sentra.anchor-batch,846,478.445
sentra.anchor-batch,847,468.133
sentra.anchor-batch,848,429.15
sentra.anchor-batch,849,536.221
sentra.anchor-batch,850,691.975
sentra.anchor-batch,851,735.543
sentra.anchor-batch,852,600.825
sentra.anchor-batch,853,512.618
sentra.anchor-batch,854,585.543
sentra.anchor-batch,855,517.642
sentra.anchor-batch,856,482.407
sentra.anchor-batch,857,515.517
sentra.anchor-batch,858,482.701
sentra.anchor-batch,859,565.433
sentra.anchor-batch,860,670.075
sentra.anchor-batch,861,494.804
sentra.anchor-batch,862,465.663
sentra.anchor-batch,863,521.552
sentra.anchor-batch,864,489.269
sentra.anchor-batch,865,447.719
sentra.anchor-batch,866,765.909
sentra.anchor-batch,867,654.832
sentra.anchor-batch,868,571.754
sentra.anchor-batch,869,518.939
sentra.anchor-batch,870,518.2
sentra.anchor-batch,871,523.263
sentra.anchor-batch,872,534.105
sentra.anchor-batch,873,499.911
sentra.anchor-batch,874,496.682
sentra.anchor-batch,875,466.331
sentra.anchor-batch,876,474.855
sentra.anchor-batch,877,484.475
sentra.anchor-batch,878,437.81
sentra.anchor-batch,879,498.25
sentra.anchor-batch,880,569.688
sentra.anchor-batch,881,507.579
sentra.anchor-batch,882,456.955
sentra.anchor-batch,883,492.665
sentra.anchor-batch,884,508.681
sentra.anchor-batch,885,494.584
sentra.anchor-batch,886,461.185
sentra.anchor-batch,887,430.37
sentra.anchor-batch,888,471.299
sentra.anchor-batch,889,434.769
sentra.anchor-batch,890,508.578
sentra.anchor-batch,891,482.052
sentra.anchor-batch,892,432.532
sentra.anchor-batch,893,476.664
sentra.anchor-batch,894,447.346
sentra.anchor-batch,895,456.619
sentra.anchor-batch,896,442.23
sentra.anchor-batch,897,499.764
sentra.anchor-batch,898,470.562
sentra.anchor-batch,899,428.391
sentra.anchor-batch,900,465.989
sentra.anchor-batch,901,482.964
sentra.anchor-batch,902,468.428
sentra.anchor-batch,903,462.629
sentra.anchor-batch,904,690.135
sentra.anchor-batch,905,585.432
sentra.anchor-batch,906,643.9
sentra.anchor-batch,907,587.961
sentra.anchor-batch,908,526.619
sentra.anchor-batch,909,565.903
sentra.anchor-batch,910,514.055
sentra.anchor-batch,911,603.792
sentra.anchor-batch,912,523.661
sentra.anchor-batch,913,568.462
sentra.anchor-batch,914,499.581
sentra.anchor-batch,915,485.693
sentra.anchor-batch,916,512.936
sentra.anchor-batch,917,459.708
sentra.anchor-batch,918,442.846
sentra.anchor-batch,919,487.92
sentra.anchor-batch,920,450.83
sentra.anchor-batch,921,549.525
sentra.anchor-batch,922,545.32
sentra.anchor-batch,923,522.973
sentra.anchor-batch,924,448.858
sentra.anchor-batch,925,495.435
sentra.anchor-batch,926,472.798
sentra.anchor-batch,927,486.6
sentra.anchor-batch,928,463.75
sentra.anchor-batch,929,570.692
sentra.anchor-batch,930,481.529
sentra.anchor-batch,931,513.037
sentra.anchor-batch,932,487.871
sentra.anchor-batch,933,663.044
sentra.anchor-batch,934,556.302
sentra.anchor-batch,935,468.827
sentra.anchor-batch,936,456.678
sentra.anchor-batch,937,579.258
sentra.anchor-batch,938,481.442
sentra.anchor-batch,939,559.85
sentra.anchor-batch,940,511.892
sentra.anchor-batch,941,526.097
sentra.anchor-batch,942,550.474
sentra.anchor-batch,943,539.572
sentra.anchor-batch,944,560.539
sentra.anchor-batch,945,902.194
sentra.anchor-batch,946,825.68
sentra.anchor-batch,947,675.113
sentra.anchor-batch,948,651.595
sentra.anchor-batch,949,839.056
sentra.anchor-batch,950,677.365
sentra.anchor-batch,951,569.028
sentra.anchor-batch,952,660.987
sentra.anchor-batch,953,617.991
sentra.anchor-batch,954,660.114
sentra.anchor-batch,955,598.486
sentra.anchor-batch,956,544.564
sentra.anchor-batch,957,562.424
sentra.anchor-batch,958,617.846
sentra.anchor-batch,959,630.079
sentra.anchor-batch,960,534.789
sentra.anchor-batch,961,501.64
sentra.anchor-batch,962,477.744
sentra.anchor-batch,963,492.019
sentra.anchor-batch,964,459.666
sentra.anchor-batch,965,490.22
sentra.anchor-batch,966,491.339
sentra.anchor-batch,967,427.614
sentra.anchor-batch,968,643.674
sentra.anchor-batch,969,553.892
sentra.anchor-batch,970,472.787
sentra.anchor-batch,971,536.703
sentra.anchor-batch,972,513.068
sentra.anchor-batch,973,451.993
sentra.anchor-batch,974,457.426
sentra.anchor-batch,975,491.299
sentra.anchor-batch,976,446.168
sentra.anchor-batch,977,508.919
sentra.anchor-batch,978,466.562
sentra.anchor-batch,979,445.952
sentra.anchor-batch,980,444.822
sentra.anchor-batch,981,404.007
sentra.anchor-batch,982,477.347
sentra.anchor-batch,983,442.221
sentra.anchor-batch,984,575.825
sentra.anchor-batch,985,465.266
sentra.anchor-batch,986,427.123
sentra.anchor-batch,987,461.007
sentra.anchor-batch,988,433.022
sentra.anchor-batch,989,433.537
sentra.anchor-batch,990,429.082
sentra.anchor-batch,991,454.299
sentra.anchor-batch,992,493.504
sentra.anchor-batch,993,422.748
sentra.anchor-batch,994,430.351
sentra.anchor-batch,995,505.192
sentra.anchor-batch,996,550.567
sentra.anchor-batch,997,670.985
sentra.anchor-batch,998,530.783
sentra.anchor-batch,999,567.236
sentra.verify-trace,0,577.093
sentra.verify-trace,1,591.337
sentra.verify-trace,2,535.236
sentra.verify-trace,3,568.22
sentra.verify-trace,4,524.423
sentra.verify-trace,5,553.895
sentra.verify-trace,6,515.03
sentra.verify-trace,7,475.455
sentra.verify-trace,8,450.488
sentra.verify-trace,9,686.995
sentra.verify-trace,10,590.108
sentra.verify-trace,11,535.586
sentra.verify-trace,12,482.828
sentra.verify-trace,13,501.807
sentra.verify-trace,14,446.707
sentra.verify-trace,15,681.133
sentra.verify-trace,16,578.435
sentra.verify-trace,17,539.773
sentra.verify-trace,18,570.672
sentra.verify-trace,19,542.498
sentra.verify-trace,20,580.679
sentra.verify-trace,21,565.423
sentra.verify-trace,22,742.727
sentra.verify-trace,23,588.88
sentra.verify-trace,24,522.122
sentra.verify-trace,25,512.205
sentra.verify-trace,26,716.558
sentra.verify-trace,27,650.623
sentra.verify-trace,28,636.33
sentra.verify-trace,29,625.46
sentra.verify-trace,30,530.036
sentra.verify-trace,31,681.242
sentra.verify-trace,32,708.105
sentra.verify-trace,33,583.509
sentra.verify-trace,34,571.158
sentra.verify-trace,35,509.844
sentra.verify-trace,36,738.823
sentra.verify-trace,37,659.566
sentra.verify-trace,38,568.677
sentra.verify-trace,39,561.09
sentra.verify-trace,40,507.542
sentra.verify-trace,41,751.572
sentra.verify-trace,42,575.386
sentra.verify-trace,43,577.872
sentra.verify-trace,44,510.689
sentra.verify-trace,45,493.119
sentra.verify-trace,46,465.773
sentra.verify-trace,47,600.751
sentra.verify-trace,48,584.461
sentra.verify-trace,49,536.337
sentra.verify-trace,50,481.633
sentra.verify-trace,51,473.56
sentra.verify-trace,52,474.158
sentra.verify-trace,53,483.563
sentra.verify-trace,54,432.229
sentra.verify-trace,55,419.927
sentra.verify-trace,56,450.975
sentra.verify-trace,57,685.919
sentra.verify-trace,58,518.291
sentra.verify-trace,59,702.041
sentra.verify-trace,60,587.612
sentra.verify-trace,61,597.954
sentra.verify-trace,62,583.695
sentra.verify-trace,63,562.958
sentra.verify-trace,64,586.913
sentra.verify-trace,65,574.487
sentra.verify-trace,66,612.663
sentra.verify-trace,67,501.601
sentra.verify-trace,68,578.946
sentra.verify-trace,69,502.151
sentra.verify-trace,70,528.043
sentra.verify-trace,71,518.746
sentra.verify-trace,72,635.058
sentra.verify-trace,73,512.155
sentra.verify-trace,74,552.035
sentra.verify-trace,75,572.844
sentra.verify-trace,76,745.987
sentra.verify-trace,77,560.243
sentra.verify-trace,78,554.645
sentra.verify-trace,79,568.926
sentra.verify-trace,80,629.038
sentra.verify-trace,81,605.048
sentra.verify-trace,82,491.438
sentra.verify-trace,83,514.65
sentra.verify-trace,84,517.885
sentra.verify-trace,85,476.127
sentra.verify-trace,86,567.185
sentra.verify-trace,87,493.706
sentra.verify-trace,88,450.234
sentra.verify-trace,89,802.722
sentra.verify-trace,90,602.774
sentra.verify-trace,91,552.763
sentra.verify-trace,92,653.379
sentra.verify-trace,93,1210.628
sentra.verify-trace,94,766.499
sentra.verify-trace,95,601.715
sentra.verify-trace,96,560.489
sentra.verify-trace,97,524.978
sentra.verify-trace,98,515.658
sentra.verify-trace,99,451.939
sentra.verify-trace,100,511.072
sentra.verify-trace,101,447.13
sentra.verify-trace,102,478.792
sentra.verify-trace,103,470.023
sentra.verify-trace,104,427.867
sentra.verify-trace,105,445.917
sentra.verify-trace,106,433.273
sentra.verify-trace,107,476.528
sentra.verify-trace,108,498.97
sentra.verify-trace,109,442.43
sentra.verify-trace,110,420.584
sentra.verify-trace,111,460.065
sentra.verify-trace,112,491.697
sentra.verify-trace,113,547.167
sentra.verify-trace,114,446.625
sentra.verify-trace,115,464.503
sentra.verify-trace,116,464.464
sentra.verify-trace,117,421.817
sentra.verify-trace,118,426.219
sentra.verify-trace,119,433.701
sentra.verify-trace,120,425.802
sentra.verify-trace,121,460.363
sentra.verify-trace,122,444.937
sentra.verify-trace,123,440.756
sentra.verify-trace,124,418.485
sentra.verify-trace,125,458.387
sentra.verify-trace,126,448.77
sentra.verify-trace,127,423.43
sentra.verify-trace,128,454.574
sentra.verify-trace,129,679.196
sentra.verify-trace,130,592.554
sentra.verify-trace,131,520.041
sentra.verify-trace,132,550.481
sentra.verify-trace,133,522.792
sentra.verify-trace,134,549.65
sentra.verify-trace,135,514.729
sentra.verify-trace,136,472.806
sentra.verify-trace,137,453.761
sentra.verify-trace,138,509.893
sentra.verify-trace,139,717.51
sentra.verify-trace,140,666.522
sentra.verify-trace,141,625.75
sentra.verify-trace,142,657.649
sentra.verify-trace,143,599.542
sentra.verify-trace,144,588.492
sentra.verify-trace,145,611.692
sentra.verify-trace,146,497.292
sentra.verify-trace,147,464.894
sentra.verify-trace,148,480.282
sentra.verify-trace,149,513.389
sentra.verify-trace,150,448.575
sentra.verify-trace,151,512.548
sentra.verify-trace,152,475.711
sentra.verify-trace,153,472.878
sentra.verify-trace,154,470.962
sentra.verify-trace,155,438.803
sentra.verify-trace,156,420.171
sentra.verify-trace,157,490.104
sentra.verify-trace,158,446.159
sentra.verify-trace,159,485.631
sentra.verify-trace,160,515.034
sentra.verify-trace,161,494.417
sentra.verify-trace,162,469.56
sentra.verify-trace,163,593.269
sentra.verify-trace,164,692.174
sentra.verify-trace,165,581.236
sentra.verify-trace,166,679.001
sentra.verify-trace,167,684.622
sentra.verify-trace,168,869.528
sentra.verify-trace,169,911.317
sentra.verify-trace,170,879.551
sentra.verify-trace,171,727.158
sentra.verify-trace,172,765.7
sentra.verify-trace,173,592.339
sentra.verify-trace,174,522.134
sentra.verify-trace,175,501.326
sentra.verify-trace,176,571.643
sentra.verify-trace,177,502.605
sentra.verify-trace,178,502.209
sentra.verify-trace,179,455.338
sentra.verify-trace,180,479.898
sentra.verify-trace,181,486.354
sentra.verify-trace,182,528.804
sentra.verify-trace,183,488.62
sentra.verify-trace,184,473.889
sentra.verify-trace,185,691.985
sentra.verify-trace,186,1070.54
sentra.verify-trace,187,645.153
sentra.verify-trace,188,557.903
sentra.verify-trace,189,531.549
sentra.verify-trace,190,567.145
sentra.verify-trace,191,532.356
sentra.verify-trace,192,543.358
sentra.verify-trace,193,471.783
sentra.verify-trace,194,618.936
sentra.verify-trace,195,543.562
sentra.verify-trace,196,466.976
sentra.verify-trace,197,504.53
sentra.verify-trace,198,444.529
sentra.verify-trace,199,527.173
sentra.verify-trace,200,492.542
sentra.verify-trace,201,574.896
sentra.verify-trace,202,502.196
sentra.verify-trace,203,506.923
sentra.verify-trace,204,468.916
sentra.verify-trace,205,535.165
sentra.verify-trace,206,517.392
sentra.verify-trace,207,899.183
sentra.verify-trace,208,659.825
sentra.verify-trace,209,674.147
sentra.verify-trace,210,622.737
sentra.verify-trace,211,672.01
sentra.verify-trace,212,568.353
sentra.verify-trace,213,501.716
sentra.verify-trace,214,548.056
sentra.verify-trace,215,705.007
sentra.verify-trace,216,740.462
sentra.verify-trace,217,710.877
sentra.verify-trace,218,571.029
sentra.verify-trace,219,533.899
sentra.verify-trace,220,514.378
sentra.verify-trace,221,496.696
sentra.verify-trace,222,680.93
sentra.verify-trace,223,580.434
sentra.verify-trace,224,521.307
sentra.verify-trace,225,478.357
sentra.verify-trace,226,578.981
sentra.verify-trace,227,603.422
sentra.verify-trace,228,496.677
sentra.verify-trace,229,469.422
sentra.verify-trace,230,744.173
sentra.verify-trace,231,603.15
sentra.verify-trace,232,473.653
sentra.verify-trace,233,523.717
sentra.verify-trace,234,517.431
sentra.verify-trace,235,436.43
sentra.verify-trace,236,473.945
sentra.verify-trace,237,483.314
sentra.verify-trace,238,483.894
sentra.verify-trace,239,577.215
sentra.verify-trace,240,442.425
sentra.verify-trace,241,478.697
sentra.verify-trace,242,500.621
sentra.verify-trace,243,483.057
sentra.verify-trace,244,453.234
sentra.verify-trace,245,486.363
sentra.verify-trace,246,426.139
sentra.verify-trace,247,456.978
sentra.verify-trace,248,439.774
sentra.verify-trace,249,604.528
sentra.verify-trace,250,721.072
sentra.verify-trace,251,671.344
sentra.verify-trace,252,604.823
sentra.verify-trace,253,507.313
sentra.verify-trace,254,470.447
sentra.verify-trace,255,634.768
sentra.verify-trace,256,480.067
sentra.verify-trace,257,518.802
sentra.verify-trace,258,621.07
sentra.verify-trace,259,548.822
sentra.verify-trace,260,501.956
sentra.verify-trace,261,552.762
sentra.verify-trace,262,685.681
sentra.verify-trace,263,735.145
sentra.verify-trace,264,591.706
sentra.verify-trace,265,573.948
sentra.verify-trace,266,600.709
sentra.verify-trace,267,561.67
sentra.verify-trace,268,599.378
sentra.verify-trace,269,555.218
sentra.verify-trace,270,575.904
sentra.verify-trace,271,536.895
sentra.verify-trace,272,538.476
sentra.verify-trace,273,535.453
sentra.verify-trace,274,670.174
sentra.verify-trace,275,539.035
sentra.verify-trace,276,561.16
sentra.verify-trace,277,517.668
sentra.verify-trace,278,526.207
sentra.verify-trace,279,626.923
sentra.verify-trace,280,1067.914
sentra.verify-trace,281,759.387
sentra.verify-trace,282,652.855
sentra.verify-trace,283,684.001
sentra.verify-trace,284,624.718
sentra.verify-trace,285,630.763
sentra.verify-trace,286,593.014
sentra.verify-trace,287,552.472
sentra.verify-trace,288,632.676
sentra.verify-trace,289,551.256
sentra.verify-trace,290,536.317
sentra.verify-trace,291,554.867
sentra.verify-trace,292,558.548
sentra.verify-trace,293,565.18
sentra.verify-trace,294,508.809
sentra.verify-trace,295,534.621
sentra.verify-trace,296,553.71
sentra.verify-trace,297,552.179
sentra.verify-trace,298,555.877
sentra.verify-trace,299,423.773
sentra.verify-trace,300,505.586
sentra.verify-trace,301,477.672
sentra.verify-trace,302,453.291
sentra.verify-trace,303,476.426
sentra.verify-trace,304,437.198
sentra.verify-trace,305,505.093
sentra.verify-trace,306,529.151
sentra.verify-trace,307,571.892
sentra.verify-trace,308,606.035
sentra.verify-trace,309,608.3
sentra.verify-trace,310,613.892
sentra.verify-trace,311,599.549
sentra.verify-trace,312,592.386
sentra.verify-trace,313,646.74
sentra.verify-trace,314,596.883
sentra.verify-trace,315,557.1
sentra.verify-trace,316,550.507
sentra.verify-trace,317,591.273
sentra.verify-trace,318,786.823
sentra.verify-trace,319,846.287
sentra.verify-trace,320,658.107
sentra.verify-trace,321,577.896
sentra.verify-trace,322,507.296
sentra.verify-trace,323,632.966
sentra.verify-trace,324,541.251
sentra.verify-trace,325,557.04
sentra.verify-trace,326,615.613
sentra.verify-trace,327,641.449
sentra.verify-trace,328,640.587
sentra.verify-trace,329,509.384
sentra.verify-trace,330,483.806
sentra.verify-trace,331,571.08
sentra.verify-trace,332,642.013
sentra.verify-trace,333,491.75
sentra.verify-trace,334,516.029
sentra.verify-trace,335,504.054
sentra.verify-trace,336,488.284
sentra.verify-trace,337,462.28
sentra.verify-trace,338,481.757
sentra.verify-trace,339,460.629
sentra.verify-trace,340,614.622
sentra.verify-trace,341,1241.703
sentra.verify-trace,342,583.567
sentra.verify-trace,343,577.028
sentra.verify-trace,344,547.506
sentra.verify-trace,345,699.161
sentra.verify-trace,346,694.536
sentra.verify-trace,347,626.668
sentra.verify-trace,348,644.216
sentra.verify-trace,349,746.607
sentra.verify-trace,350,647.756
sentra.verify-trace,351,604.311
sentra.verify-trace,352,583.087
sentra.verify-trace,353,526.08
sentra.verify-trace,354,471.58
sentra.verify-trace,355,558.506
sentra.verify-trace,356,483.357
sentra.verify-trace,357,424.527
sentra.verify-trace,358,497.279
sentra.verify-trace,359,643.199
sentra.verify-trace,360,714.882
sentra.verify-trace,361,547.573
sentra.verify-trace,362,539.869
sentra.verify-trace,363,686.669
sentra.verify-trace,364,520.979
sentra.verify-trace,365,629.908
sentra.verify-trace,366,579.046
sentra.verify-trace,367,525.864
sentra.verify-trace,368,485.056
sentra.verify-trace,369,608.34
sentra.verify-trace,370,564.491
sentra.verify-trace,371,463.021
sentra.verify-trace,372,458.999
sentra.verify-trace,373,1040.999
sentra.verify-trace,374,635.407
sentra.verify-trace,375,627.37
sentra.verify-trace,376,571.904
sentra.verify-trace,377,481.846
sentra.verify-trace,378,483.565
sentra.verify-trace,379,467.258
sentra.verify-trace,380,509.725
sentra.verify-trace,381,475.0
sentra.verify-trace,382,455.456
sentra.verify-trace,383,637.971
sentra.verify-trace,384,463.532
sentra.verify-trace,385,435.152
sentra.verify-trace,386,447.718
sentra.verify-trace,387,418.933
sentra.verify-trace,388,475.798
sentra.verify-trace,389,452.113
sentra.verify-trace,390,405.24
sentra.verify-trace,391,432.546
sentra.verify-trace,392,432.83
sentra.verify-trace,393,421.858
sentra.verify-trace,394,453.835
sentra.verify-trace,395,763.555
sentra.verify-trace,396,551.753
sentra.verify-trace,397,537.686
sentra.verify-trace,398,516.072
sentra.verify-trace,399,460.812
sentra.verify-trace,400,515.221
sentra.verify-trace,401,475.604
sentra.verify-trace,402,441.713
sentra.verify-trace,403,450.897
sentra.verify-trace,404,436.629
sentra.verify-trace,405,427.496
sentra.verify-trace,406,446.929
sentra.verify-trace,407,478.933
sentra.verify-trace,408,474.243
sentra.verify-trace,409,420.423
sentra.verify-trace,410,452.453
sentra.verify-trace,411,427.891
sentra.verify-trace,412,424.548
sentra.verify-trace,413,454.001
sentra.verify-trace,414,465.148
sentra.verify-trace,415,454.364
sentra.verify-trace,416,418.139
sentra.verify-trace,417,416.554
sentra.verify-trace,418,428.778
sentra.verify-trace,419,410.78
sentra.verify-trace,420,453.028
sentra.verify-trace,421,414.863
sentra.verify-trace,422,452.092
sentra.verify-trace,423,414.526
sentra.verify-trace,424,412.13
sentra.verify-trace,425,449.015
sentra.verify-trace,426,411.385
sentra.verify-trace,427,449.437
sentra.verify-trace,428,425.591
sentra.verify-trace,429,450.249
sentra.verify-trace,430,421.865
sentra.verify-trace,431,408.367
sentra.verify-trace,432,439.243
sentra.verify-trace,433,419.458
sentra.verify-trace,434,433.664
sentra.verify-trace,435,414.824
sentra.verify-trace,436,442.574
sentra.verify-trace,437,422.896
sentra.verify-trace,438,439.706
sentra.verify-trace,439,407.421
sentra.verify-trace,440,416.871
sentra.verify-trace,441,453.69
sentra.verify-trace,442,471.709
sentra.verify-trace,443,441.515
sentra.verify-trace,444,413.553
sentra.verify-trace,445,411.192
sentra.verify-trace,446,419.905
sentra.verify-trace,447,403.008
sentra.verify-trace,448,448.923
sentra.verify-trace,449,733.262
sentra.verify-trace,450,589.111
sentra.verify-trace,451,555.041
sentra.verify-trace,452,511.635
sentra.verify-trace,453,458.761
sentra.verify-trace,454,551.559
sentra.verify-trace,455,513.111
sentra.verify-trace,456,440.377
sentra.verify-trace,457,467.61
sentra.verify-trace,458,416.052
sentra.verify-trace,459,589.415
sentra.verify-trace,460,766.607
sentra.verify-trace,461,579.003
sentra.verify-trace,462,496.665
sentra.verify-trace,463,499.182
sentra.verify-trace,464,491.786
sentra.verify-trace,465,467.746
sentra.verify-trace,466,1052.043
sentra.verify-trace,467,522.417
sentra.verify-trace,468,458.129
sentra.verify-trace,469,491.328
sentra.verify-trace,470,458.062
sentra.verify-trace,471,456.653
sentra.verify-trace,472,445.494
sentra.verify-trace,473,460.596
sentra.verify-trace,474,449.973
sentra.verify-trace,475,415.443
sentra.verify-trace,476,405.218
sentra.verify-trace,477,415.03
sentra.verify-trace,478,470.504
sentra.verify-trace,479,448.622
sentra.verify-trace,480,435.384
sentra.verify-trace,481,442.812
sentra.verify-trace,482,395.215
sentra.verify-trace,483,436.846
sentra.verify-trace,484,402.75
sentra.verify-trace,485,635.325
sentra.verify-trace,486,428.5
sentra.verify-trace,487,407.416
sentra.verify-trace,488,438.827
sentra.verify-trace,489,404.795
sentra.verify-trace,490,427.304
sentra.verify-trace,491,407.069
sentra.verify-trace,492,476.15
sentra.verify-trace,493,459.224
sentra.verify-trace,494,429.65
sentra.verify-trace,495,447.906
sentra.verify-trace,496,414.078
sentra.verify-trace,497,433.702
sentra.verify-trace,498,414.833
sentra.verify-trace,499,450.936
sentra.verify-trace,500,430.668
sentra.verify-trace,501,414.435
sentra.verify-trace,502,442.174
sentra.verify-trace,503,402.558
sentra.verify-trace,504,438.009
sentra.verify-trace,505,396.55
sentra.verify-trace,506,446.203
sentra.verify-trace,507,421.682
sentra.verify-trace,508,411.14
sentra.verify-trace,509,412.141
sentra.verify-trace,510,403.705
sentra.verify-trace,511,440.964
sentra.verify-trace,512,391.257
sentra.verify-trace,513,446.607
sentra.verify-trace,514,669.749
sentra.verify-trace,515,596.67
sentra.verify-trace,516,498.73
sentra.verify-trace,517,504.27
sentra.verify-trace,518,469.612
sentra.verify-trace,519,484.283
sentra.verify-trace,520,451.317
sentra.verify-trace,521,430.662
sentra.verify-trace,522,471.61
sentra.verify-trace,523,436.87
sentra.verify-trace,524,444.607
sentra.verify-trace,525,413.875
sentra.verify-trace,526,679.691
sentra.verify-trace,527,586.025
sentra.verify-trace,528,538.643
sentra.verify-trace,529,499.463
sentra.verify-trace,530,475.12
sentra.verify-trace,531,474.206
sentra.verify-trace,532,420.525
sentra.verify-trace,533,451.664
sentra.verify-trace,534,456.979
sentra.verify-trace,535,483.55
sentra.verify-trace,536,462.806
sentra.verify-trace,537,413.107
sentra.verify-trace,538,512.114
sentra.verify-trace,539,438.809
sentra.verify-trace,540,413.057
sentra.verify-trace,541,446.993
sentra.verify-trace,542,410.093
sentra.verify-trace,543,428.661
sentra.verify-trace,544,400.7
sentra.verify-trace,545,492.397
sentra.verify-trace,546,438.896
sentra.verify-trace,547,411.271
sentra.verify-trace,548,433.399
sentra.verify-trace,549,439.441
sentra.verify-trace,550,417.465
sentra.verify-trace,551,416.916
sentra.verify-trace,552,481.629
sentra.verify-trace,553,447.74
sentra.verify-trace,554,401.837
sentra.verify-trace,555,439.96
sentra.verify-trace,556,399.995
sentra.verify-trace,557,411.308
sentra.verify-trace,558,395.153
sentra.verify-trace,559,599.128
sentra.verify-trace,560,554.266
sentra.verify-trace,561,428.623
sentra.verify-trace,562,492.442
sentra.verify-trace,563,465.327
sentra.verify-trace,564,419.116
sentra.verify-trace,565,501.954
sentra.verify-trace,566,445.694
sentra.verify-trace,567,412.957
sentra.verify-trace,568,440.362
sentra.verify-trace,569,415.008
sentra.verify-trace,570,434.394
sentra.verify-trace,571,413.036
sentra.verify-trace,572,444.128
sentra.verify-trace,573,431.162
sentra.verify-trace,574,413.721
sentra.verify-trace,575,436.104
sentra.verify-trace,576,398.589
sentra.verify-trace,577,431.079
sentra.verify-trace,578,404.782
sentra.verify-trace,579,461.842
sentra.verify-trace,580,507.656
sentra.verify-trace,581,448.116
sentra.verify-trace,582,461.662
sentra.verify-trace,583,417.782
sentra.verify-trace,584,425.869
sentra.verify-trace,585,449.296
sentra.verify-trace,586,418.675
sentra.verify-trace,587,417.724
sentra.verify-trace,588,440.803
sentra.verify-trace,589,405.58
sentra.verify-trace,590,440.296
sentra.verify-trace,591,398.748
sentra.verify-trace,592,435.185
sentra.verify-trace,593,642.511
sentra.verify-trace,594,531.245
sentra.verify-trace,595,491.378
sentra.verify-trace,596,507.807
sentra.verify-trace,597,446.833
sentra.verify-trace,598,505.122
sentra.verify-trace,599,466.356
sentra.verify-trace,600,432.672
sentra.verify-trace,601,454.135
sentra.verify-trace,602,439.017
sentra.verify-trace,603,417.833
sentra.verify-trace,604,474.255
sentra.verify-trace,605,438.651
sentra.verify-trace,606,436.136
sentra.verify-trace,607,413.2
sentra.verify-trace,608,430.518
sentra.verify-trace,609,435.749
sentra.verify-trace,610,421.23
sentra.verify-trace,611,451.577
sentra.verify-trace,612,420.799
sentra.verify-trace,613,427.617
sentra.verify-trace,614,670.91
sentra.verify-trace,615,576.571
sentra.verify-trace,616,542.202
sentra.verify-trace,617,542.705
sentra.verify-trace,618,464.936
sentra.verify-trace,619,451.471
sentra.verify-trace,620,458.621
sentra.verify-trace,621,409.73
sentra.verify-trace,622,460.509
sentra.verify-trace,623,415.613
sentra.verify-trace,624,494.407
sentra.verify-trace,625,434.536
sentra.verify-trace,626,417.424
sentra.verify-trace,627,455.869
sentra.verify-trace,628,414.37
sentra.verify-trace,629,428.889
sentra.verify-trace,630,407.075
sentra.verify-trace,631,493.136
sentra.verify-trace,632,427.127
sentra.verify-trace,633,432.832
sentra.verify-trace,634,440.256
sentra.verify-trace,635,394.207
sentra.verify-trace,636,431.996
sentra.verify-trace,637,415.747
sentra.verify-trace,638,486.758
sentra.verify-trace,639,411.83
sentra.verify-trace,640,428.491
sentra.verify-trace,641,409.107
sentra.verify-trace,642,404.117
sentra.verify-trace,643,406.39
sentra.verify-trace,644,403.172
sentra.verify-trace,645,435.591
sentra.verify-trace,646,699.641
sentra.verify-trace,647,536.107
sentra.verify-trace,648,489.027
sentra.verify-trace,649,537.155
sentra.verify-trace,650,460.24
sentra.verify-trace,651,508.216
sentra.verify-trace,652,454.999
sentra.verify-trace,653,432.24
sentra.verify-trace,654,595.348
sentra.verify-trace,655,474.01
sentra.verify-trace,656,424.238
sentra.verify-trace,657,461.232
sentra.verify-trace,658,447.464
sentra.verify-trace,659,456.72
sentra.verify-trace,660,465.913
sentra.verify-trace,661,426.747
sentra.verify-trace,662,446.786
sentra.verify-trace,663,399.832
sentra.verify-trace,664,478.01
sentra.verify-trace,665,446.582
sentra.verify-trace,666,422.181
sentra.verify-trace,667,434.858
sentra.verify-trace,668,412.984
sentra.verify-trace,669,429.082
sentra.verify-trace,670,421.502
sentra.verify-trace,671,499.093
sentra.verify-trace,672,436.45
sentra.verify-trace,673,389.938
sentra.verify-trace,674,430.554
sentra.verify-trace,675,415.046
sentra.verify-trace,676,445.199
sentra.verify-trace,677,421.958
sentra.verify-trace,678,607.691
sentra.verify-trace,679,649.899
sentra.verify-trace,680,578.142
sentra.verify-trace,681,503.458
sentra.verify-trace,682,518.242
sentra.verify-trace,683,493.016
sentra.verify-trace,684,450.754
sentra.verify-trace,685,448.241
sentra.verify-trace,686,422.373
sentra.verify-trace,687,427.785
sentra.verify-trace,688,443.017
sentra.verify-trace,689,421.962
sentra.verify-trace,690,522.604
sentra.verify-trace,691,441.095
sentra.verify-trace,692,421.396
sentra.verify-trace,693,447.009
sentra.verify-trace,694,416.543
sentra.verify-trace,695,445.203
sentra.verify-trace,696,411.317
sentra.verify-trace,697,515.104
sentra.verify-trace,698,454.965
sentra.verify-trace,699,427.848
sentra.verify-trace,700,458.14
sentra.verify-trace,701,402.793
sentra.verify-trace,702,402.533
sentra.verify-trace,703,420.206
sentra.verify-trace,704,479.869
sentra.verify-trace,705,450.084
sentra.verify-trace,706,416.576
sentra.verify-trace,707,413.428
sentra.verify-trace,708,407.488
sentra.verify-trace,709,429.96
sentra.verify-trace,710,399.728
sentra.verify-trace,711,481.723
sentra.verify-trace,712,446.04
sentra.verify-trace,713,396.637
sentra.verify-trace,714,447.438
sentra.verify-trace,715,413.735
sentra.verify-trace,716,409.901
sentra.verify-trace,717,411.256
sentra.verify-trace,718,639.766
sentra.verify-trace,719,479.949
sentra.verify-trace,720,424.656
sentra.verify-trace,721,423.279
sentra.verify-trace,722,431.848
sentra.verify-trace,723,415.968
sentra.verify-trace,724,430.491
sentra.verify-trace,725,451.032
sentra.verify-trace,726,447.181
sentra.verify-trace,727,422.965
sentra.verify-trace,728,413.586
sentra.verify-trace,729,410.929
sentra.verify-trace,730,405.289
sentra.verify-trace,731,444.206
sentra.verify-trace,732,417.317
sentra.verify-trace,733,434.553
sentra.verify-trace,734,417.003
sentra.verify-trace,735,401.556
sentra.verify-trace,736,401.019
sentra.verify-trace,737,398.066
sentra.verify-trace,738,398.499
sentra.verify-trace,739,460.372
sentra.verify-trace,740,432.389
sentra.verify-trace,741,408.518
sentra.verify-trace,742,435.972
sentra.verify-trace,743,404.113
sentra.verify-trace,744,439.579
sentra.verify-trace,745,406.776
sentra.verify-trace,746,611.484
sentra.verify-trace,747,655.983
sentra.verify-trace,748,579.538
sentra.verify-trace,749,511.487
sentra.verify-trace,750,503.352
sentra.verify-trace,751,495.129
sentra.verify-trace,752,508.548
sentra.verify-trace,753,436.664
sentra.verify-trace,754,433.459
sentra.verify-trace,755,434.444
sentra.verify-trace,756,432.841
sentra.verify-trace,757,427.009
sentra.verify-trace,758,462.9
sentra.verify-trace,759,425.19
sentra.verify-trace,760,469.627
sentra.verify-trace,761,450.34
sentra.verify-trace,762,412.017
sentra.verify-trace,763,450.421
sentra.verify-trace,764,401.813
sentra.verify-trace,765,490.436
sentra.verify-trace,766,403.016
sentra.verify-trace,767,407.789
sentra.verify-trace,768,439.05
sentra.verify-trace,769,397.597
sentra.verify-trace,770,448.945
sentra.verify-trace,771,399.759
sentra.verify-trace,772,622.727
sentra.verify-trace,773,645.2
sentra.verify-trace,774,521.474
sentra.verify-trace,775,474.994
sentra.verify-trace,776,501.952
sentra.verify-trace,777,460.597
sentra.verify-trace,778,495.874
sentra.verify-trace,779,463.481
sentra.verify-trace,780,416.606
sentra.verify-trace,781,484.376
sentra.verify-trace,782,417.036
sentra.verify-trace,783,437.67
sentra.verify-trace,784,425.321
sentra.verify-trace,785,529.687
sentra.verify-trace,786,456.432
sentra.verify-trace,787,421.389
sentra.verify-trace,788,434.744
sentra.verify-trace,789,446.026
sentra.verify-trace,790,395.367
sentra.verify-trace,791,440.274
sentra.verify-trace,792,436.454
sentra.verify-trace,793,439.143
sentra.verify-trace,794,403.679
sentra.verify-trace,795,418.367
sentra.verify-trace,796,395.903
sentra.verify-trace,797,425.665
sentra.verify-trace,798,448.949
sentra.verify-trace,799,453.582
sentra.verify-trace,800,452.115
sentra.verify-trace,801,409.701
sentra.verify-trace,802,423.702
sentra.verify-trace,803,390.759
sentra.verify-trace,804,437.442
sentra.verify-trace,805,407.018
sentra.verify-trace,806,734.659
sentra.verify-trace,807,643.173
sentra.verify-trace,808,570.603
sentra.verify-trace,809,459.497
sentra.verify-trace,810,481.778
sentra.verify-trace,811,476.15
sentra.verify-trace,812,531.927
sentra.verify-trace,813,514.228
sentra.verify-trace,814,441.564
sentra.verify-trace,815,455.674
sentra.verify-trace,816,424.691
sentra.verify-trace,817,437.26
sentra.verify-trace,818,524.744
sentra.verify-trace,819,475.89
sentra.verify-trace,820,449.3
sentra.verify-trace,821,434.611
sentra.verify-trace,822,418.808
sentra.verify-trace,823,452.037
sentra.verify-trace,824,401.976
sentra.verify-trace,825,491.16
sentra.verify-trace,826,453.133
sentra.verify-trace,827,418.027
sentra.verify-trace,828,629.179
sentra.verify-trace,829,490.178
sentra.verify-trace,830,452.064
sentra.verify-trace,831,472.151
sentra.verify-trace,832,450.468
sentra.verify-trace,833,434.573
sentra.verify-trace,834,446.711
sentra.verify-trace,835,426.481
sentra.verify-trace,836,438.332
sentra.verify-trace,837,428.783
sentra.verify-trace,838,461.114
sentra.verify-trace,839,445.802
sentra.verify-trace,840,411.457
sentra.verify-trace,841,498.064
sentra.verify-trace,842,431.101
sentra.verify-trace,843,958.222
sentra.verify-trace,844,699.663
sentra.verify-trace,845,541.594
sentra.verify-trace,846,526.646
sentra.verify-trace,847,470.744
sentra.verify-trace,848,466.54
sentra.verify-trace,849,455.233
sentra.verify-trace,850,566.95
sentra.verify-trace,851,499.691
sentra.verify-trace,852,432.468
sentra.verify-trace,853,471.827
sentra.verify-trace,854,417.652
sentra.verify-trace,855,413.811
sentra.verify-trace,856,470.051
sentra.verify-trace,857,452.946
sentra.verify-trace,858,471.014
sentra.verify-trace,859,418.414
sentra.verify-trace,860,412.357
sentra.verify-trace,861,452.423
sentra.verify-trace,862,415.016
sentra.verify-trace,863,548.273
sentra.verify-trace,864,426.605
sentra.verify-trace,865,755.342
sentra.verify-trace,866,703.639
sentra.verify-trace,867,623.58
sentra.verify-trace,868,558.92
sentra.verify-trace,869,564.006
sentra.verify-trace,870,478.886
sentra.verify-trace,871,618.52
sentra.verify-trace,872,546.148
sentra.verify-trace,873,495.739
sentra.verify-trace,874,588.503
sentra.verify-trace,875,481.945
sentra.verify-trace,876,435.387
sentra.verify-trace,877,439.527
sentra.verify-trace,878,419.261
sentra.verify-trace,879,452.29
sentra.verify-trace,880,425.002
sentra.verify-trace,881,471.585
sentra.verify-trace,882,463.425
sentra.verify-trace,883,409.46
sentra.verify-trace,884,439.82
sentra.verify-trace,885,410.421
sentra.verify-trace,886,450.969
sentra.verify-trace,887,393.649
sentra.verify-trace,888,486.015
sentra.verify-trace,889,419.738
sentra.verify-trace,890,408.386
sentra.verify-trace,891,469.798
sentra.verify-trace,892,412.242
sentra.verify-trace,893,441.868
sentra.verify-trace,894,416.132
sentra.verify-trace,895,458.621
sentra.verify-trace,896,422.097
sentra.verify-trace,897,396.748
sentra.verify-trace,898,442.103
sentra.verify-trace,899,400.951
sentra.verify-trace,900,430.94
sentra.verify-trace,901,533.984
sentra.verify-trace,902,746.774
sentra.verify-trace,903,547.357
sentra.verify-trace,904,517.035
sentra.verify-trace,905,606.67
sentra.verify-trace,906,488.375
sentra.verify-trace,907,540.562
sentra.verify-trace,908,550.553
sentra.verify-trace,909,572.387
sentra.verify-trace,910,523.301
sentra.verify-trace,911,482.825
sentra.verify-trace,912,466.611
sentra.verify-trace,913,540.409
sentra.verify-trace,914,514.385
sentra.verify-trace,915,449.035
sentra.verify-trace,916,482.969
sentra.verify-trace,917,623.219
sentra.verify-trace,918,557.129
sentra.verify-trace,919,561.915
sentra.verify-trace,920,576.81
sentra.verify-trace,921,554.459
sentra.verify-trace,922,514.674
sentra.verify-trace,923,562.882
sentra.verify-trace,924,574.518
sentra.verify-trace,925,531.334
sentra.verify-trace,926,527.613
sentra.verify-trace,927,573.677
sentra.verify-trace,928,574.078
sentra.verify-trace,929,520.929
sentra.verify-trace,930,906.524
sentra.verify-trace,931,1029.507
sentra.verify-trace,932,1061.961
sentra.verify-trace,933,1059.483
sentra.verify-trace,934,1100.074
sentra.verify-trace,935,920.33
sentra.verify-trace,936,1271.01
sentra.verify-trace,937,629.15
sentra.verify-trace,938,613.147
sentra.verify-trace,939,512.462
sentra.verify-trace,940,579.806
sentra.verify-trace,941,706.171
sentra.verify-trace,942,617.934
sentra.verify-trace,943,528.279
sentra.verify-trace,944,583.369
sentra.verify-trace,945,597.759
sentra.verify-trace,946,589.127
sentra.verify-trace,947,642.145
sentra.verify-trace,948,656.634
sentra.verify-trace,949,611.186
sentra.verify-trace,950,605.698
sentra.verify-trace,951,519.259
sentra.verify-trace,952,593.141
sentra.verify-trace,953,541.498
sentra.verify-trace,954,559.469
sentra.verify-trace,955,517.751
sentra.verify-trace,956,564.356
sentra.verify-trace,957,761.33
sentra.verify-trace,958,581.776
sentra.verify-trace,959,545.483
sentra.verify-trace,960,512.512
sentra.verify-trace,961,650.035
sentra.verify-trace,962,677.942
sentra.verify-trace,963,593.997
sentra.verify-trace,964,543.209
sentra.verify-trace,965,526.774
sentra.verify-trace,966,560.428
sentra.verify-trace,967,520.861
sentra.verify-trace,968,670.041
sentra.verify-trace,969,521.519
sentra.verify-trace,970,592.03
sentra.verify-trace,971,580.875
sentra.verify-trace,972,522.427
sentra.verify-trace,973,595.801
sentra.verify-trace,974,543.761
sentra.verify-trace,975,628.835
sentra.verify-trace,976,572.063
sentra.verify-trace,977,567.253
sentra.verify-trace,978,535.891
sentra.verify-trace,979,592.489
sentra.verify-trace,980,565.744
sentra.verify-trace,981,555.078
sentra.verify-trace,982,515.517
sentra.verify-trace,983,557.88
sentra.verify-trace,984,622.484
sentra.verify-trace,985,575.325
sentra.verify-trace,986,532.993
sentra.verify-trace,987,577.531
sentra.verify-trace,988,596.88
sentra.verify-trace,989,668.835
sentra.verify-trace,990,606.524
sentra.verify-trace,991,540.806
sentra.verify-trace,992,550.116
sentra.verify-trace,993,570.486
sentra.verify-trace,994,523.974
sentra.verify-trace,995,713.043
sentra.verify-trace,996,575.556
sentra.verify-trace,997,562.54
sentra.verify-trace,998,518.557
sentra.verify-trace,999,557.784
sentra.anchor-state,0,392.101
sentra.anchor-state,1,354.764
sentra.anchor-state,2,356.831
sentra.anchor-state,3,371.681
sentra.anchor-state,4,684.648
sentra.anchor-state,5,580.57
sentra.anchor-state,6,443.604
sentra.anchor-state,7,467.067
sentra.anchor-state,8,387.369
sentra.anchor-state,9,389.761
sentra.anchor-state,10,368.172
sentra.anchor-state,11,385.778
sentra.anchor-state,12,384.355
sentra.anchor-state,13,352.258
sentra.anchor-state,14,373.171
sentra.anchor-state,15,345.902
sentra.anchor-state,16,347.152
sentra.anchor-state,17,376.173
sentra.anchor-state,18,329.378
sentra.anchor-state,19,372.562
sentra.anchor-state,20,343.044
sentra.anchor-state,21,334.727
sentra.anchor-state,22,377.657
sentra.anchor-state,23,553.89
sentra.anchor-state,24,508.958
sentra.anchor-state,25,393.257
sentra.anchor-state,26,380.695
sentra.anchor-state,27,359.555
sentra.anchor-state,28,351.911
sentra.anchor-state,29,621.748
sentra.anchor-state,30,346.695
sentra.anchor-state,31,410.624
sentra.anchor-state,32,345.73
sentra.anchor-state,33,367.08
sentra.anchor-state,34,335.604
sentra.anchor-state,35,342.384
sentra.anchor-state,36,370.691
sentra.anchor-state,37,360.388
sentra.anchor-state,38,337.061
sentra.anchor-state,39,356.449
sentra.anchor-state,40,337.559
sentra.anchor-state,41,357.46
sentra.anchor-state,42,419.95
sentra.anchor-state,43,337.905
sentra.anchor-state,44,372.831
sentra.anchor-state,45,339.849
sentra.anchor-state,46,354.332
sentra.anchor-state,47,373.901
sentra.anchor-state,48,333.655
sentra.anchor-state,49,344.514
sentra.anchor-state,50,368.394
sentra.anchor-state,51,339.251
sentra.anchor-state,52,382.196
sentra.anchor-state,53,391.907
sentra.anchor-state,54,562.735
sentra.anchor-state,55,469.429
sentra.anchor-state,56,447.885
sentra.anchor-state,57,395.806
sentra.anchor-state,58,409.55
sentra.anchor-state,59,409.899
sentra.anchor-state,60,377.226
sentra.anchor-state,61,395.357
sentra.anchor-state,62,401.368
sentra.anchor-state,63,341.601
sentra.anchor-state,64,379.735
sentra.anchor-state,65,387.448
sentra.anchor-state,66,365.461
sentra.anchor-state,67,336.938
sentra.anchor-state,68,550.394
sentra.anchor-state,69,564.603
sentra.anchor-state,70,447.651
sentra.anchor-state,71,615.932
sentra.anchor-state,72,389.451
sentra.anchor-state,73,348.079
sentra.anchor-state,74,350.852
sentra.anchor-state,75,442.695
sentra.anchor-state,76,496.563
sentra.anchor-state,77,420.393
sentra.anchor-state,78,355.17
sentra.anchor-state,79,361.418
sentra.anchor-state,80,549.397
sentra.anchor-state,81,486.727
sentra.anchor-state,82,418.253
sentra.anchor-state,83,463.496
sentra.anchor-state,84,462.087
sentra.anchor-state,85,376.791
sentra.anchor-state,86,372.829
sentra.anchor-state,87,352.161
sentra.anchor-state,88,378.846
sentra.anchor-state,89,387.832
sentra.anchor-state,90,342.814
sentra.anchor-state,91,363.489
sentra.anchor-state,92,344.327
sentra.anchor-state,93,367.525
sentra.anchor-state,94,339.036
sentra.anchor-state,95,328.585
sentra.anchor-state,96,390.081
sentra.anchor-state,97,343.243
sentra.anchor-state,98,335.565
sentra.anchor-state,99,430.444
sentra.anchor-state,100,339.192
sentra.anchor-state,101,388.471
sentra.anchor-state,102,341.507
sentra.anchor-state,103,339.479
sentra.anchor-state,104,367.151
sentra.anchor-state,105,323.162
sentra.anchor-state,106,340.309
sentra.anchor-state,107,366.106
sentra.anchor-state,108,326.998
sentra.anchor-state,109,331.367
sentra.anchor-state,110,417.921
sentra.anchor-state,111,341.677
sentra.anchor-state,112,371.667
sentra.anchor-state,113,331.288
sentra.anchor-state,114,334.541
sentra.anchor-state,115,369.568
sentra.anchor-state,116,327.406
sentra.anchor-state,117,331.731
sentra.anchor-state,118,365.578
sentra.anchor-state,119,339.035
sentra.anchor-state,120,368.932
sentra.anchor-state,121,400.581
sentra.anchor-state,122,337.856
sentra.anchor-state,123,366.122
sentra.anchor-state,124,330.825
sentra.anchor-state,125,330.225
sentra.anchor-state,126,382.971
sentra.anchor-state,127,337.36
sentra.anchor-state,128,333.807
sentra.anchor-state,129,344.486
sentra.anchor-state,130,323.783
sentra.anchor-state,131,359.843
sentra.anchor-state,132,391.268
sentra.anchor-state,133,334.072
sentra.anchor-state,134,359.351
sentra.anchor-state,135,320.168
sentra.anchor-state,136,330.86
sentra.anchor-state,137,397.5
sentra.anchor-state,138,496.316
sentra.anchor-state,139,531.356
sentra.anchor-state,140,481.515
sentra.anchor-state,141,701.598
sentra.anchor-state,142,507.921
sentra.anchor-state,143,388.384
sentra.anchor-state,144,378.979
sentra.anchor-state,145,401.083
sentra.anchor-state,146,393.369
sentra.anchor-state,147,393.4
sentra.anchor-state,148,346.463
sentra.anchor-state,149,348.36
sentra.anchor-state,150,386.417
sentra.anchor-state,151,348.881
sentra.anchor-state,152,370.999
sentra.anchor-state,153,329.913
sentra.anchor-state,154,338.357
sentra.anchor-state,155,401.796
sentra.anchor-state,156,741.089
sentra.anchor-state,157,484.375
sentra.anchor-state,158,411.925
sentra.anchor-state,159,564.505
sentra.anchor-state,160,458.171
sentra.anchor-state,161,361.298
sentra.anchor-state,162,347.298
sentra.anchor-state,163,434.262
sentra.anchor-state,164,348.815
sentra.anchor-state,165,376.853
sentra.anchor-state,166,350.743
sentra.anchor-state,167,332.225
sentra.anchor-state,168,367.506
sentra.anchor-state,169,414.548
sentra.anchor-state,170,344.667
sentra.anchor-state,171,545.429
sentra.anchor-state,172,599.681
sentra.anchor-state,173,427.116
sentra.anchor-state,174,382.246
sentra.anchor-state,175,378.476
sentra.anchor-state,176,339.167
sentra.anchor-state,177,380.465
sentra.anchor-state,178,489.942
sentra.anchor-state,179,364.828
sentra.anchor-state,180,343.076
sentra.anchor-state,181,333.658
sentra.anchor-state,182,388.614
sentra.anchor-state,183,349.053
sentra.anchor-state,184,352.828
sentra.anchor-state,185,378.027
sentra.anchor-state,186,328.331
sentra.anchor-state,187,342.323
sentra.anchor-state,188,399.225
sentra.anchor-state,189,335.938
sentra.anchor-state,190,364.372
sentra.anchor-state,191,344.654
sentra.anchor-state,192,327.046
sentra.anchor-state,193,384.332
sentra.anchor-state,194,339.441
sentra.anchor-state,195,337.431
sentra.anchor-state,196,343.825
sentra.anchor-state,197,335.31
sentra.anchor-state,198,355.249
sentra.anchor-state,199,614.955
sentra.anchor-state,200,509.333
sentra.anchor-state,201,398.189
sentra.anchor-state,202,386.405
sentra.anchor-state,203,370.443
sentra.anchor-state,204,351.89
sentra.anchor-state,205,380.592
sentra.anchor-state,206,337.55
sentra.anchor-state,207,341.953
sentra.anchor-state,208,593.026
sentra.anchor-state,209,486.785
sentra.anchor-state,210,419.274
sentra.anchor-state,211,371.786
sentra.anchor-state,212,464.103
sentra.anchor-state,213,400.208
sentra.anchor-state,214,374.242
sentra.anchor-state,215,340.645
sentra.anchor-state,216,341.601
sentra.anchor-state,217,429.338
sentra.anchor-state,218,334.237
sentra.anchor-state,219,379.027
sentra.anchor-state,220,339.798
sentra.anchor-state,221,337.048
sentra.anchor-state,222,396.914
sentra.anchor-state,223,339.111
sentra.anchor-state,224,344.91
sentra.anchor-state,225,439.732
sentra.anchor-state,226,348.88
sentra.anchor-state,227,377.362
sentra.anchor-state,228,410.09
sentra.anchor-state,229,360.21
sentra.anchor-state,230,335.694
sentra.anchor-state,231,326.641
sentra.anchor-state,232,413.503
sentra.anchor-state,233,340.172
sentra.anchor-state,234,331.971
sentra.anchor-state,235,368.955
sentra.anchor-state,236,342.998
sentra.anchor-state,237,331.347
sentra.anchor-state,238,424.508
sentra.anchor-state,239,325.692
sentra.anchor-state,240,350.872
sentra.anchor-state,241,338.131
sentra.anchor-state,242,337.351
sentra.anchor-state,243,386.875
sentra.anchor-state,244,354.622
sentra.anchor-state,245,347.18
sentra.anchor-state,246,367.153
sentra.anchor-state,247,329.913
sentra.anchor-state,248,364.792
sentra.anchor-state,249,380.788
sentra.anchor-state,250,352.293
sentra.anchor-state,251,375.536
sentra.anchor-state,252,321.293
sentra.anchor-state,253,324.877
sentra.anchor-state,254,362.241
sentra.anchor-state,255,339.163
sentra.anchor-state,256,328.982
sentra.anchor-state,257,337.306
sentra.anchor-state,258,325.762
sentra.anchor-state,259,360.967
sentra.anchor-state,260,397.578
sentra.anchor-state,261,343.024
sentra.anchor-state,262,372.266
sentra.anchor-state,263,336.488
sentra.anchor-state,264,327.569
sentra.anchor-state,265,370.808
sentra.anchor-state,266,325.383
sentra.anchor-state,267,368.103
sentra.anchor-state,268,330.095
sentra.anchor-state,269,325.99
sentra.anchor-state,270,368.673
sentra.anchor-state,271,537.437
sentra.anchor-state,272,366.146
sentra.anchor-state,273,326.666
sentra.anchor-state,274,325.469
sentra.anchor-state,275,363.894
sentra.anchor-state,276,334.612
sentra.anchor-state,277,333.457
sentra.anchor-state,278,362.411
sentra.anchor-state,279,329.172
sentra.anchor-state,280,330.093
sentra.anchor-state,281,413.696
sentra.anchor-state,282,336.958
sentra.anchor-state,283,406.839
sentra.anchor-state,284,587.702
sentra.anchor-state,285,374.069
sentra.anchor-state,286,334.663
sentra.anchor-state,287,333.638
sentra.anchor-state,288,384.034
sentra.anchor-state,289,338.698
sentra.anchor-state,290,344.99
sentra.anchor-state,291,510.909
sentra.anchor-state,292,351.301
sentra.anchor-state,293,359.234
sentra.anchor-state,294,328.332
sentra.anchor-state,295,324.603
sentra.anchor-state,296,375.646
sentra.anchor-state,297,328.087
sentra.anchor-state,298,335.456
sentra.anchor-state,299,383.708
sentra.anchor-state,300,326.841
sentra.anchor-state,301,360.105
sentra.anchor-state,302,396.907
sentra.anchor-state,303,348.669
sentra.anchor-state,304,461.616
sentra.anchor-state,305,370.243
sentra.anchor-state,306,385.824
sentra.anchor-state,307,337.473
sentra.anchor-state,308,338.142
sentra.anchor-state,309,368.704
sentra.anchor-state,310,336.804
sentra.anchor-state,311,357.774
sentra.anchor-state,312,593.174
sentra.anchor-state,313,591.114
sentra.anchor-state,314,461.508
sentra.anchor-state,315,422.419
sentra.anchor-state,316,385.498
sentra.anchor-state,317,381.362
sentra.anchor-state,318,393.851
sentra.anchor-state,319,347.221
sentra.anchor-state,320,389.148
sentra.anchor-state,321,396.036
sentra.anchor-state,322,350.183
sentra.anchor-state,323,364.645
sentra.anchor-state,324,334.582
sentra.anchor-state,325,344.601
sentra.anchor-state,326,368.862
sentra.anchor-state,327,330.718
sentra.anchor-state,328,368.893
sentra.anchor-state,329,333.531
sentra.anchor-state,330,355.452
sentra.anchor-state,331,373.944
sentra.anchor-state,332,384.118
sentra.anchor-state,333,350.545
sentra.anchor-state,334,386.112
sentra.anchor-state,335,342.455
sentra.anchor-state,336,380.798
sentra.anchor-state,337,379.915
sentra.anchor-state,338,512.337
sentra.anchor-state,339,584.944
sentra.anchor-state,340,476.988
sentra.anchor-state,341,411.712
sentra.anchor-state,342,366.046
sentra.anchor-state,343,364.879
sentra.anchor-state,344,344.051
sentra.anchor-state,345,434.071
sentra.anchor-state,346,537.0
sentra.anchor-state,347,462.418
sentra.anchor-state,348,413.444
sentra.anchor-state,349,431.003
sentra.anchor-state,350,383.161
sentra.anchor-state,351,440.877
sentra.anchor-state,352,531.231
sentra.anchor-state,353,621.286
sentra.anchor-state,354,482.753
sentra.anchor-state,355,419.041
sentra.anchor-state,356,384.315
sentra.anchor-state,357,390.105
sentra.anchor-state,358,412.721
sentra.anchor-state,359,363.223
sentra.anchor-state,360,387.881
sentra.anchor-state,361,357.542
sentra.anchor-state,362,382.608
sentra.anchor-state,363,380.575
sentra.anchor-state,364,363.184
sentra.anchor-state,365,371.427
sentra.anchor-state,366,339.95
sentra.anchor-state,367,351.895
sentra.anchor-state,368,572.714
sentra.anchor-state,369,359.699
sentra.anchor-state,370,381.892
sentra.anchor-state,371,340.628
sentra.anchor-state,372,367.972
sentra.anchor-state,373,343.68
sentra.anchor-state,374,336.958
sentra.anchor-state,375,376.827
sentra.anchor-state,376,340.722
sentra.anchor-state,377,345.295
sentra.anchor-state,378,476.381
sentra.anchor-state,379,457.877
sentra.anchor-state,380,420.836
sentra.anchor-state,381,363.618
sentra.anchor-state,382,364.18
sentra.anchor-state,383,347.742
sentra.anchor-state,384,340.019
sentra.anchor-state,385,465.403
sentra.anchor-state,386,400.405
sentra.anchor-state,387,404.004
sentra.anchor-state,388,391.628
sentra.anchor-state,389,351.338
sentra.anchor-state,390,369.629
sentra.anchor-state,391,340.926
sentra.anchor-state,392,381.798
sentra.anchor-state,393,349.467
sentra.anchor-state,394,342.149
sentra.anchor-state,395,369.104
sentra.anchor-state,396,330.309
sentra.anchor-state,397,349.899
sentra.anchor-state,398,410.384
sentra.anchor-state,399,358.7
sentra.anchor-state,400,387.612
sentra.anchor-state,401,341.227
sentra.anchor-state,402,334.31
sentra.anchor-state,403,373.272
sentra.anchor-state,404,328.885
sentra.anchor-state,405,344.499
sentra.anchor-state,406,374.237
sentra.anchor-state,407,337.057
sentra.anchor-state,408,343.665
sentra.anchor-state,409,426.107
sentra.anchor-state,410,337.308
sentra.anchor-state,411,371.559
sentra.anchor-state,412,652.722
sentra.anchor-state,413,396.315
sentra.anchor-state,414,350.054
sentra.anchor-state,415,370.736
sentra.anchor-state,416,344.088
sentra.anchor-state,417,327.508
sentra.anchor-state,418,391.185
sentra.anchor-state,419,421.877
sentra.anchor-state,420,351.255
sentra.anchor-state,421,375.473
sentra.anchor-state,422,331.309
sentra.anchor-state,423,363.899
sentra.anchor-state,424,327.847
sentra.anchor-state,425,333.982
sentra.anchor-state,426,406.084
sentra.anchor-state,427,423.185
sentra.anchor-state,428,399.703
sentra.anchor-state,429,438.705
sentra.anchor-state,430,351.105
sentra.anchor-state,431,357.368
sentra.anchor-state,432,355.645
sentra.anchor-state,433,334.818
sentra.anchor-state,434,364.166
sentra.anchor-state,435,329.725
sentra.anchor-state,436,364.801
sentra.anchor-state,437,338.049
sentra.anchor-state,438,332.885
sentra.anchor-state,439,360.464
sentra.anchor-state,440,654.624
sentra.anchor-state,441,504.585
sentra.anchor-state,442,424.297
sentra.anchor-state,443,410.975
sentra.anchor-state,444,371.346
sentra.anchor-state,445,382.868
sentra.anchor-state,446,350.248
sentra.anchor-state,447,349.018
sentra.anchor-state,448,379.753
sentra.anchor-state,449,419.961
sentra.anchor-state,450,413.539
sentra.anchor-state,451,345.904
sentra.anchor-state,452,641.948
sentra.anchor-state,453,474.374
sentra.anchor-state,454,430.743
sentra.anchor-state,455,373.023
sentra.anchor-state,456,362.16
sentra.anchor-state,457,382.647
sentra.anchor-state,458,494.101
sentra.anchor-state,459,559.536
sentra.anchor-state,460,543.749
sentra.anchor-state,461,473.934
sentra.anchor-state,462,408.618
sentra.anchor-state,463,406.626
sentra.anchor-state,464,363.547
sentra.anchor-state,465,361.953
sentra.anchor-state,466,427.902
sentra.anchor-state,467,362.443
sentra.anchor-state,468,372.714
sentra.anchor-state,469,358.973
sentra.anchor-state,470,351.83
sentra.anchor-state,471,411.56
sentra.anchor-state,472,352.384
sentra.anchor-state,473,369.03
sentra.anchor-state,474,343.503
sentra.anchor-state,475,339.01
sentra.anchor-state,476,350.995
sentra.anchor-state,477,344.7
sentra.anchor-state,478,488.222
sentra.anchor-state,479,342.359
sentra.anchor-state,480,385.171
sentra.anchor-state,481,397.737
sentra.anchor-state,482,345.869
sentra.anchor-state,483,367.215
sentra.anchor-state,484,344.056
sentra.anchor-state,485,343.464
sentra.anchor-state,486,360.015
sentra.anchor-state,487,364.739
sentra.anchor-state,488,336.069
sentra.anchor-state,489,384.597
sentra.anchor-state,490,353.771
sentra.anchor-state,491,371.581
sentra.anchor-state,492,331.346
sentra.anchor-state,493,324.848
sentra.anchor-state,494,359.872
sentra.anchor-state,495,339.949
sentra.anchor-state,496,332.953
sentra.anchor-state,497,358.942
sentra.anchor-state,498,636.408
sentra.anchor-state,499,498.049
sentra.anchor-state,500,404.357
sentra.anchor-state,501,585.781
sentra.anchor-state,502,614.31
sentra.anchor-state,503,482.577
sentra.anchor-state,504,434.28
sentra.anchor-state,505,432.901
sentra.anchor-state,506,464.997
sentra.anchor-state,507,406.312
sentra.anchor-state,508,377.089
sentra.anchor-state,509,403.808
sentra.anchor-state,510,346.416
sentra.anchor-state,511,358.418
sentra.anchor-state,512,387.992
sentra.anchor-state,513,339.857
sentra.anchor-state,514,369.673
sentra.anchor-state,515,391.06
sentra.anchor-state,516,353.627
sentra.anchor-state,517,355.193
sentra.anchor-state,518,333.08
sentra.anchor-state,519,334.181
sentra.anchor-state,520,360.199
sentra.anchor-state,521,341.477
sentra.anchor-state,522,371.916
sentra.anchor-state,523,334.414
sentra.anchor-state,524,336.06
sentra.anchor-state,525,418.038
sentra.anchor-state,526,457.721
sentra.anchor-state,527,370.174
sentra.anchor-state,528,330.51
sentra.anchor-state,529,330.01
sentra.anchor-state,530,359.0
sentra.anchor-state,531,335.816
sentra.anchor-state,532,330.446
sentra.anchor-state,533,359.754
sentra.anchor-state,534,347.217
sentra.anchor-state,535,336.287
sentra.anchor-state,536,408.933
sentra.anchor-state,537,332.267
sentra.anchor-state,538,380.011
sentra.anchor-state,539,347.894
sentra.anchor-state,540,740.934
sentra.anchor-state,541,471.812
sentra.anchor-state,542,425.419
sentra.anchor-state,543,365.442
sentra.anchor-state,544,364.027
sentra.anchor-state,545,460.312
sentra.anchor-state,546,398.904
sentra.anchor-state,547,378.379
sentra.anchor-state,548,329.807
sentra.anchor-state,549,361.245
sentra.anchor-state,550,372.233
sentra.anchor-state,551,327.9
sentra.anchor-state,552,362.667
sentra.anchor-state,553,339.719
sentra.anchor-state,554,343.423
sentra.anchor-state,555,366.646
sentra.anchor-state,556,575.059
sentra.anchor-state,557,484.474
sentra.anchor-state,558,403.992
sentra.anchor-state,559,419.311
sentra.anchor-state,560,363.25
sentra.anchor-state,561,348.452
sentra.anchor-state,562,373.425
sentra.anchor-state,563,338.92
sentra.anchor-state,564,367.944
sentra.anchor-state,565,396.634
sentra.anchor-state,566,355.247
sentra.anchor-state,567,379.867
sentra.anchor-state,568,360.239
sentra.anchor-state,569,344.384
sentra.anchor-state,570,366.729
sentra.anchor-state,571,333.28
sentra.anchor-state,572,364.135
sentra.anchor-state,573,335.78
sentra.anchor-state,574,332.42
sentra.anchor-state,575,359.747
sentra.anchor-state,576,408.419
sentra.anchor-state,577,346.622
sentra.anchor-state,578,470.627
sentra.anchor-state,579,525.187
sentra.anchor-state,580,570.12
sentra.anchor-state,581,557.633
sentra.anchor-state,582,495.004
sentra.anchor-state,583,531.888
sentra.anchor-state,584,552.256
sentra.anchor-state,585,524.585
sentra.anchor-state,586,466.144
sentra.anchor-state,587,507.103
sentra.anchor-state,588,475.186
sentra.anchor-state,589,533.315
sentra.anchor-state,590,478.468
sentra.anchor-state,591,674.151
sentra.anchor-state,592,531.524
sentra.anchor-state,593,462.155
sentra.anchor-state,594,528.695
sentra.anchor-state,595,474.489
sentra.anchor-state,596,503.855
sentra.anchor-state,597,458.439
sentra.anchor-state,598,522.27
sentra.anchor-state,599,501.437
sentra.anchor-state,600,511.525
sentra.anchor-state,601,462.185
sentra.anchor-state,602,508.613
sentra.anchor-state,603,482.715
sentra.anchor-state,604,516.139
sentra.anchor-state,605,470.886
sentra.anchor-state,606,9330.596
sentra.anchor-state,607,1300.223
sentra.anchor-state,608,726.531
sentra.anchor-state,609,531.797
sentra.anchor-state,610,665.484
sentra.anchor-state,611,1953.635
sentra.anchor-state,612,1017.735
sentra.anchor-state,613,2175.829
sentra.anchor-state,614,1041.878
sentra.anchor-state,615,2207.184
sentra.anchor-state,616,1616.163
sentra.anchor-state,617,676.964
sentra.anchor-state,618,643.886
sentra.anchor-state,619,601.184
sentra.anchor-state,620,537.64
sentra.anchor-state,621,482.28
sentra.anchor-state,622,523.341
sentra.anchor-state,623,471.974
sentra.anchor-state,624,514.946
sentra.anchor-state,625,467.978
sentra.anchor-state,626,597.358
sentra.anchor-state,627,549.777
sentra.anchor-state,628,475.774
sentra.anchor-state,629,514.17
sentra.anchor-state,630,473.528
sentra.anchor-state,631,550.87
sentra.anchor-state,632,487.942
sentra.anchor-state,633,517.165
sentra.anchor-state,634,495.205
sentra.anchor-state,635,532.045
sentra.anchor-state,636,500.607
sentra.anchor-state,637,525.229
sentra.anchor-state,638,466.89
sentra.anchor-state,639,614.372
sentra.anchor-state,640,701.746
sentra.anchor-state,641,530.361
sentra.anchor-state,642,546.136
sentra.anchor-state,643,496.695
sentra.anchor-state,644,566.612
sentra.anchor-state,645,526.941
sentra.anchor-state,646,464.509
sentra.anchor-state,647,528.689
sentra.anchor-state,648,525.271
sentra.anchor-state,649,514.777
sentra.anchor-state,650,525.162
sentra.anchor-state,651,661.078
sentra.anchor-state,652,628.403
sentra.anchor-state,653,505.816
sentra.anchor-state,654,560.868
sentra.anchor-state,655,583.551
sentra.anchor-state,656,532.592
sentra.anchor-state,657,480.682
sentra.anchor-state,658,517.035
sentra.anchor-state,659,471.361
sentra.anchor-state,660,536.402
sentra.anchor-state,661,474.012
sentra.anchor-state,662,774.426
sentra.anchor-state,663,528.526
sentra.anchor-state,664,477.625
sentra.anchor-state,665,526.826
sentra.anchor-state,666,492.687
sentra.anchor-state,667,912.425
sentra.anchor-state,668,5450.437
sentra.anchor-state,669,666.495
sentra.anchor-state,670,594.697
sentra.anchor-state,671,548.939
sentra.anchor-state,672,508.68
sentra.anchor-state,673,647.756
sentra.anchor-state,674,492.458
sentra.anchor-state,675,519.524
sentra.anchor-state,676,471.345
sentra.anchor-state,677,472.438
sentra.anchor-state,678,501.427
sentra.anchor-state,679,467.524
sentra.anchor-state,680,514.833
sentra.anchor-state,681,564.624
sentra.anchor-state,682,519.773
sentra.anchor-state,683,467.72
sentra.anchor-state,684,506.897
sentra.anchor-state,685,455.897
sentra.anchor-state,686,513.896
sentra.anchor-state,687,481.819
sentra.anchor-state,688,641.82
sentra.anchor-state,689,470.616
sentra.anchor-state,690,516.361
sentra.anchor-state,691,484.514
sentra.anchor-state,692,520.576
sentra.anchor-state,693,467.357
sentra.anchor-state,694,522.226
sentra.anchor-state,695,462.759
sentra.anchor-state,696,609.678
sentra.anchor-state,697,546.826
sentra.anchor-state,698,467.25
sentra.anchor-state,699,524.492
sentra.anchor-state,700,460.563
sentra.anchor-state,701,533.553
sentra.anchor-state,702,483.289
sentra.anchor-state,703,674.436
sentra.anchor-state,704,515.452
sentra.anchor-state,705,465.014
sentra.anchor-state,706,615.307
sentra.anchor-state,707,488.833
sentra.anchor-state,708,518.314
sentra.anchor-state,709,466.476
sentra.anchor-state,710,504.482
sentra.anchor-state,711,672.575
sentra.anchor-state,712,505.043
sentra.anchor-state,713,482.311
sentra.anchor-state,714,519.068
sentra.anchor-state,715,463.499
sentra.anchor-state,716,476.203
sentra.anchor-state,717,453.931
sentra.anchor-state,718,572.7
sentra.anchor-state,719,525.021
sentra.anchor-state,720,473.924
sentra.anchor-state,721,503.598
sentra.anchor-state,722,452.964
sentra.anchor-state,723,496.947
sentra.anchor-state,724,466.799
sentra.anchor-state,725,517.515
sentra.anchor-state,726,617.231
sentra.anchor-state,727,554.848
sentra.anchor-state,728,502.972
sentra.anchor-state,729,523.926
sentra.anchor-state,730,462.123
sentra.anchor-state,731,499.289
sentra.anchor-state,732,459.181
sentra.anchor-state,733,605.829
sentra.anchor-state,734,540.081
sentra.anchor-state,735,473.292
sentra.anchor-state,736,510.331
sentra.anchor-state,737,456.195
sentra.anchor-state,738,533.37
sentra.anchor-state,739,470.099
sentra.anchor-state,740,510.938
sentra.anchor-state,741,605.121
sentra.anchor-state,742,498.839
sentra.anchor-state,743,456.785
sentra.anchor-state,744,522.998
sentra.anchor-state,745,466.228
sentra.anchor-state,746,5875.537
sentra.anchor-state,747,1064.206
sentra.anchor-state,748,752.635
sentra.anchor-state,749,612.97
sentra.anchor-state,750,514.701
sentra.anchor-state,751,3391.242
sentra.anchor-state,752,922.968
sentra.anchor-state,753,667.736
sentra.anchor-state,754,527.129
sentra.anchor-state,755,563.877
sentra.anchor-state,756,433.758
sentra.anchor-state,757,469.66
sentra.anchor-state,758,411.074
sentra.anchor-state,759,384.886
sentra.anchor-state,760,710.245
sentra.anchor-state,761,516.3
sentra.anchor-state,762,450.166
sentra.anchor-state,763,435.103
sentra.anchor-state,764,367.235
sentra.anchor-state,765,380.716
sentra.anchor-state,766,401.714
sentra.anchor-state,767,345.146
sentra.anchor-state,768,379.748
sentra.anchor-state,769,547.843
sentra.anchor-state,770,463.66
sentra.anchor-state,771,398.25
sentra.anchor-state,772,430.183
sentra.anchor-state,773,369.999
sentra.anchor-state,774,353.848
sentra.anchor-state,775,390.365
sentra.anchor-state,776,347.625
sentra.anchor-state,777,344.066
sentra.anchor-state,778,417.223
sentra.anchor-state,779,553.514
sentra.anchor-state,780,473.377
sentra.anchor-state,781,521.895
sentra.anchor-state,782,488.723
sentra.anchor-state,783,527.437
sentra.anchor-state,784,472.412
sentra.anchor-state,785,494.779
sentra.anchor-state,786,507.971
sentra.anchor-state,787,499.973
sentra.anchor-state,788,458.475
sentra.anchor-state,789,520.973
sentra.anchor-state,790,595.579
sentra.anchor-state,791,456.219
sentra.anchor-state,792,368.932
sentra.anchor-state,793,389.672
sentra.anchor-state,794,430.245
sentra.anchor-state,795,719.181
sentra.anchor-state,796,443.134
sentra.anchor-state,797,422.564
sentra.anchor-state,798,373.144
sentra.anchor-state,799,393.348
sentra.anchor-state,800,364.432
sentra.anchor-state,801,348.3
sentra.anchor-state,802,426.609
sentra.anchor-state,803,389.364
sentra.anchor-state,804,401.046
sentra.anchor-state,805,354.704
sentra.anchor-state,806,369.69
sentra.anchor-state,807,475.296
sentra.anchor-state,808,383.959
sentra.anchor-state,809,535.919
sentra.anchor-state,810,383.549
sentra.anchor-state,811,388.187
sentra.anchor-state,812,464.976
sentra.anchor-state,813,373.296
sentra.anchor-state,814,380.618
sentra.anchor-state,815,339.671
sentra.anchor-state,816,369.683
sentra.anchor-state,817,348.019
sentra.anchor-state,818,345.114
sentra.anchor-state,819,362.256
sentra.anchor-state,820,336.924
sentra.anchor-state,821,344.91
sentra.anchor-state,822,427.32
sentra.anchor-state,823,356.364
sentra.anchor-state,824,368.567
sentra.anchor-state,825,341.683
sentra.anchor-state,826,330.358
sentra.anchor-state,827,358.262
sentra.anchor-state,828,413.813
sentra.anchor-state,829,364.936
sentra.anchor-state,830,346.079
sentra.anchor-state,831,324.722
sentra.anchor-state,832,373.234
sentra.anchor-state,833,540.199
sentra.anchor-state,834,574.968
sentra.anchor-state,835,408.177
sentra.anchor-state,836,418.927
sentra.anchor-state,837,403.12
sentra.anchor-state,838,392.838
sentra.anchor-state,839,402.765
sentra.anchor-state,840,378.017
sentra.anchor-state,841,382.007
sentra.anchor-state,842,627.831
sentra.anchor-state,843,465.862
sentra.anchor-state,844,383.671
sentra.anchor-state,845,388.11
sentra.anchor-state,846,346.477
sentra.anchor-state,847,355.901
sentra.anchor-state,848,368.022
sentra.anchor-state,849,338.894
sentra.anchor-state,850,334.291
sentra.anchor-state,851,373.34
sentra.anchor-state,852,328.231
sentra.anchor-state,853,349.075
sentra.anchor-state,854,334.035
sentra.anchor-state,855,335.272
sentra.anchor-state,856,359.506
sentra.anchor-state,857,325.135
sentra.anchor-state,858,328.791
sentra.anchor-state,859,345.657
sentra.anchor-state,860,332.711
sentra.anchor-state,861,347.647
sentra.anchor-state,862,505.715
sentra.anchor-state,863,895.752
sentra.anchor-state,864,469.85
sentra.anchor-state,865,416.499
sentra.anchor-state,866,362.534
sentra.anchor-state,867,429.216
sentra.anchor-state,868,364.775
sentra.anchor-state,869,359.382
sentra.anchor-state,870,414.184
sentra.anchor-state,871,356.79
sentra.anchor-state,872,389.706
sentra.anchor-state,873,402.436
sentra.anchor-state,874,502.442
sentra.anchor-state,875,480.293
sentra.anchor-state,876,432.067
sentra.anchor-state,877,349.511
sentra.anchor-state,878,340.187
sentra.anchor-state,879,366.295
sentra.anchor-state,880,409.176
sentra.anchor-state,881,354.644
sentra.anchor-state,882,378.202
sentra.anchor-state,883,340.135
sentra.anchor-state,884,379.936
sentra.anchor-state,885,342.075
sentra.anchor-state,886,359.825
sentra.anchor-state,887,374.08
sentra.anchor-state,888,341.733
sentra.anchor-state,889,336.378
sentra.anchor-state,890,410.232
sentra.anchor-state,891,349.173
sentra.anchor-state,892,407.884
sentra.anchor-state,893,343.671
sentra.anchor-state,894,343.849
sentra.anchor-state,895,356.394
sentra.anchor-state,896,343.317
sentra.anchor-state,897,340.893
sentra.anchor-state,898,362.542
sentra.anchor-state,899,410.941
sentra.anchor-state,900,443.73
sentra.anchor-state,901,431.128
sentra.anchor-state,902,374.143
sentra.anchor-state,903,358.028
sentra.anchor-state,904,343.42
sentra.anchor-state,905,377.261
sentra.anchor-state,906,328.888
sentra.anchor-state,907,328.85
sentra.anchor-state,908,363.611
sentra.anchor-state,909,333.7
sentra.anchor-state,910,345.836
sentra.anchor-state,911,403.638
sentra.anchor-state,912,339.294
sentra.anchor-state,913,361.079
sentra.anchor-state,914,359.913
sentra.anchor-state,915,329.981
sentra.anchor-state,916,355.953
sentra.anchor-state,917,322.866
sentra.anchor-state,918,328.186
sentra.anchor-state,919,365.28
sentra.anchor-state,920,323.927
sentra.anchor-state,921,337.087
sentra.anchor-state,922,547.568
sentra.anchor-state,923,534.983
sentra.anchor-state,924,368.856
sentra.anchor-state,925,342.44
sentra.anchor-state,926,359.06
sentra.anchor-state,927,331.069
sentra.anchor-state,928,344.044
sentra.anchor-state,929,375.42
sentra.anchor-state,930,332.605
sentra.anchor-state,931,402.409
sentra.anchor-state,932,392.853
sentra.anchor-state,933,357.85
sentra.anchor-state,934,380.848
sentra.anchor-state,935,345.577
sentra.anchor-state,936,343.211
sentra.anchor-state,937,339.798
sentra.anchor-state,938,328.622
sentra.anchor-state,939,369.941
sentra.anchor-state,940,453.566
sentra.anchor-state,941,375.994
sentra.anchor-state,942,518.1
sentra.anchor-state,943,413.046
sentra.anchor-state,944,409.523
sentra.anchor-state,945,333.068
sentra.anchor-state,946,363.16
sentra.anchor-state,947,331.75
sentra.anchor-state,948,332.756
sentra.anchor-state,949,358.819
sentra.anchor-state,950,325.459
sentra.anchor-state,951,346.718
sentra.anchor-state,952,363.32
sentra.anchor-state,953,389.316
sentra.anchor-state,954,335.803
sentra.anchor-state,955,391.521
sentra.anchor-state,956,344.7
sentra.anchor-state,957,359.377
sentra.anchor-state,958,335.705
sentra.anchor-state,959,335.883
sentra.anchor-state,960,353.567
sentra.anchor-state,961,345.383
sentra.anchor-state,962,355.133
sentra.anchor-state,963,626.643
sentra.anchor-state,964,583.739
sentra.anchor-state,965,456.523
sentra.anchor-state,966,419.548
sentra.anchor-state,967,366.751
sentra.anchor-state,968,369.058
sentra.anchor-state,969,389.19
sentra.anchor-state,970,344.966
sentra.anchor-state,971,374.243
sentra.anchor-state,972,393.328
sentra.anchor-state,973,403.967
sentra.anchor-state,974,374.34
sentra.anchor-state,975,335.5
sentra.anchor-state,976,385.567
sentra.anchor-state,977,338.822
sentra.anchor-state,978,330.907
sentra.anchor-state,979,371.117
sentra.anchor-state,980,345.954
sentra.anchor-state,981,351.01
sentra.anchor-state,982,407.82
sentra.anchor-state,983,350.954
sentra.anchor-state,984,359.114
sentra.anchor-state,985,339.671
sentra.anchor-state,986,329.924
sentra.anchor-state,987,361.455
sentra.anchor-state,988,327.845
sentra.anchor-state,989,331.855
sentra.anchor-state,990,355.85
sentra.anchor-state,991,339.565
sentra.anchor-state,992,341.39
sentra.anchor-state,993,420.016
sentra.anchor-state,994,336.587
sentra.anchor-state,995,390.869
sentra.anchor-state,996,342.121
sentra.anchor-state,997,349.577
sentra.anchor-state,998,368.25
sentra.anchor-state,999,359.538
